intensity_in,R_out,G_out,B_out,R_X,R_Y,R_Z,G_X,G_Y,G_Z,B_X,B_Y,B_Z
0.000000000000000000e+00,0.000000000000000000e+00,0.000000000000000000e+00,0.000000000000000000e+00,3.014351756914644964e-01,3.201091667016347508e-01,4.467116987415855056e-01,3.014351756914644964e-01,3.201091667016347508e-01,4.467116987415855056e-01,3.014351756914644964e-01,3.201091667016347508e-01,4.467116987415855056e-01
3.921568627450980338e-03,8.701678573415569384e-02,8.381584127188027034e-02,8.806245319059052834e-02,9.344010072135850997e-01,5.985413656577565078e-01,4.721465835725489613e-01,4.415633786102475256e-01,8.532522837102805013e-01,6.658569762700096151e-01,4.856156799503397736e-01,4.660617576829748643e-01,1.236590054110849657e+00
7.843137254901960675e-03,1.158874968998326593e-01,1.103394022897419974e-01,1.370902771611753890e-01,1.568099384456175027e+00,8.769735646138783203e-01,4.956920430868046457e-01,5.690210212031832082e-01,1.386395400718926085e+00,8.861937043958807436e-01,6.656469485285615439e-01,6.120143486643149222e-01,2.471837417217687793e+00
1.176470588235294101e-02,1.402275385711697353e-01,1.368817420844189447e-01,1.664435843683734761e-01,2.213738954717622054e+00,1.155405763570000133e+00,4.956920430868046457e-01,7.346159944680401566e-01,1.919538517727571669e+00,1.135053028285754273e+00,8.558520486622448464e-01,7.579669396456549801e-01,3.602711411244623019e+00
1.568627450980392135e-02,1.583951170931862384e-01,1.549148521239108178e-01,1.895582627204648318e-01,2.823341714140865211e+00,1.433837962526121945e+00,5.167777909253616908e-01,8.599569793146242258e-01,2.452681634736217475e+00,1.347876447440688574e+00,1.033767414236637538e+00,9.039195306269951491e-01,4.711769853971457422e+00
1.960784313725490169e-02,1.736697037487827666e-01,1.707730408738023231e-01,2.063274385466548622e-01,3.496575939286910906e+00,1.712270161482243758e+00,5.186978681211525943e-01,9.871113897073428012e-01,2.985824751744863281e+00,1.561294673260115617e+00,1.213229102040302765e+00,1.049872121608335096e+00,5.678995019948534839e+00
2.352941176470588203e-02,1.889044936113424278e-01,1.833751518285323123e-01,2.252252791983434255e-01,4.146380738020953416e+00,1.990702360438365570e+00,5.265725574543069776e-01,1.129584855732705062e+00,3.518967868753508643e+00,1.784191295368102725e+00,1.397419528188159177e+00,1.195824712589675265e+00,6.799491772009348622e+00
2.745098039215686236e-02,1.967564582091849701e-01,1.998019294159368575e-01,2.379538932648148919e-01,4.805943935428654612e+00,2.269134559394487383e+00,5.301484668706977210e-01,1.267444418458337108e+00,4.052110985762154449e+00,2.005465715147597194e+00,1.579735931872962684e+00,1.341777303571015212e+00,7.854251768063263306e+00
3.137254901960784270e-02,2.072253391616133977e-01,2.088501698718137345e-01,2.504412794123471731e-01,5.444983030049610484e+00,2.547566758350609195e+00,5.301484668706977210e-01,1.395561896171893634e+00,4.585254102770800699e+00,2.228041759799803234e+00,1.761960571694870081e+00,1.487729894552355381e+00,8.771076764995594743e+00
3.529411764705882304e-02,2.215167706337583531e-01,2.182509429297946335e-01,2.622861037075023272e-01,6.081479954490164985e+00,2.825998957306731008e+00,5.447427304096413847e-01,1.528614749280414076e+00,5.118397219779446061e+00,2.451863105922944541e+00,1.940083775243965469e+00,1.633682485533695550e+00,9.838810097131233334e+00
3.921568627450980338e-02,2.315275344304550398e-01,2.294596897979619132e-01,2.789003259523638034e-01,6.681098882223781565e+00,3.104431156262852820e+00,5.929427320958358116e-01,1.673325621115540729e+00,5.651540336788092311e+00,2.666814896414756664e+00,2.113450631130945112e+00,1.779635076515035497e+00,1.087515131869115237e+01
4.313725490196078372e-02,2.450115384936890350e-01,2.342032330575191945e-01,2.854590175786390072e-01,7.290492533918238038e+00,3.382863355218974633e+00,6.189529407898418656e-01,1.810370096691070518e+00,6.184683453796737673e+00,2.885797901630825724e+00,2.284411082394457004e+00,1.925587667496375666e+00,1.202098156585706334e+01
4.705882352941176405e-02,2.508844836238732778e-01,2.444281256662804158e-01,2.931522588131217355e-01,7.952522434216914071e+00,3.661295554175096445e+00,6.196934797836297637e-01,1.948717024996513558e+00,6.717826570805383035e+00,3.104132766033834478e+00,2.456536221464131753e+00,2.071540258477715835e+00,1.305418552248599440e+01
5.098039215686274439e-02,2.600106295035510828e-01,2.584884413393375158e-01,3.076417434494509995e-01,8.604255111027196534e+00,3.939727753131218257e+00,6.196934797836297637e-01,2.083345666697179688e+00,7.250969687814029285e+00,3.322518273633447983e+00,2.643946333865865750e+00,2.217492849459056004e+00,1.402201467285604153e+01
5.490196078431372473e-02,2.627306590298059685e-01,2.679505601695612027e-01,3.230073219873713097e-01,9.266195457106464417e+00,4.218159952087340514e+00,6.196934797836297637e-01,2.214004413609979238e+00,7.784112804822674647e+00,3.542940495303952719e+00,2.826306203974109810e+00,2.363445440440395728e+00,1.491041373125013259e+01
5.882352941176470507e-02,2.676796757394620530e-01,2.761276266642704869e-01,3.354388235509344618e-01,9.907834343501523477e+00,4.496592151043462771e+00,6.296055651472414194e-01,2.348812812290737906e+00,8.317255921831320009e+00,3.764123887168101312e+00,3.005232722458258010e+00,2.509398031421735897e+00,1.607612936629203304e+01
6.274509803921568540e-02,2.847392448687500743e-01,2.821322808534731386e-01,3.449160848072437280e-01,1.054954467286076891e+01,4.775024349999584139e+00,6.438719331769909848e-01,2.482102245634464133e+00,8.850399038839965371e+00,3.980564140249929661e+00,3.182446230662826281e+00,2.655350622403076066e+00,1.721514322165664623e+01
6.666666666666666574e-02,2.963415523255477635e-01,2.881373858152646017e-01,3.556291137741871555e-01,1.117699315733189458e+01,5.053456548955705507e+00,6.708289216668165134e-01,2.614971473970029159e+00,9.383542155848610733e+00,4.199655430185861960e+00,3.360548507026033249e+00,2.801303213384416235e+00,1.830960990858483228e+01
7.058823529411764608e-02,3.044127141051191088e-01,2.981050475320643489e-01,3.630005964126212792e-01,1.179166460506429281e+01,5.331888747911827764e+00,7.065003304934912576e-01,2.751475402924953961e+00,9.916685272857256095e+00,4.417893331890393682e+00,3.537826466948405635e+00,2.947255804365756404e+00,1.934097050471633139e+01
7.450980392156862642e-02,3.167675796938448363e-01,3.044750805613958833e-01,3.729769849637850632e-01,1.242784668231282907e+01,5.610320946867950020e+00,7.221324616573242539e-01,2.879398257157164576e+00,1.044982838986590323e+01,4.628999072435040496e+00,3.714061161884924633e+00,3.093208395347096129e+00,2.035785421088173308e+01
7.843137254901960675e-02,3.252091333934368222e-01,3.158509072041077448e-01,3.836600576846802557e-01,1.306563917717901191e+01,5.888753145824071389e+00,7.327468104700967100e-01,3.010569386068012054e+00,1.098297150687454860e+01,4.845562964602454059e+00,3.888842180938079984e+00,3.239160986328436298e+00,2.147217477339269109e+01
8.235294117647058709e-02,3.285656132501814097e-01,3.210477367615569566e-01,3.897965174445329195e-01,1.371342025119989927e+01,6.167185344780192757e+00,7.340487306312946103e-01,3.135346862990261219e+00,1.151611462388319396e+01,5.049399128915390556e+00,4.066078536368094909e+00,3.385113577309776467e+00,2.251779702156769503e+01
8.627450980392156743e-02,3.358706368790037033e-01,3.264510633373646220e-01,3.933737513929134733e-01,1.435067680840176330e+01,6.445617543736315014e+00,7.475696378217044913e-01,3.271201263279176707e+00,1.204925774089183932e+01,5.260777749747147958e+00,4.238005129014921657e+00,3.531066168291116636e+00,2.356901511787243209e+01
9.019607843137254777e-02,3.460896670355461668e-01,3.324531705324937914e-01,3.953596044931377285e-01,1.498617278602823610e+01,6.724049742692437270e+00,7.620717057827139929e-01,3.413713229941976124e+00,1.258240085790048468e+01,5.479924753634350942e+00,4.406697668181004168e+00,3.677018759272456805e+00,2.466712119169534034e+01
9.411764705882352811e-02,3.513708189023944106e-01,3.418883347977661469e-01,3.995653668424208327e-01,1.562514803362620697e+01,7.002481941648558639e+00,7.736047586807147658e-01,3.560286843184716332e+00,1.311554397490913004e+01,5.703158788864654660e+00,4.579200055503009459e+00,3.822971350253796974e+00,2.577194341288949886e+01
9.803921568627450844e-02,3.587640433861501998e-01,3.497602761641805391e-01,4.065119105997253013e-01,1.625507071672653225e+01,7.280914140604680007e+00,7.874815463506946722e-01,3.694864018721310206e+00,1.364868709191777718e+01,5.922889623678105231e+00,4.760578490723912815e+00,3.968923941235136699e+00,2.677806143532182759e+01
1.019607843137254888e-01,3.623067476597592318e-01,3.558453192441939361e-01,4.237072098906758955e-01,1.691106552909434413e+01,7.559346339560802264e+00,7.874815463506946722e-01,3.828321636218505741e+00,1.418183020892642254e+01,6.139806497032489041e+00,4.942588990324666476e+00,4.114876532216476868e+00,2.779303281103661760e+01
1.058823529411764691e-01,3.646318416182575128e-01,3.608069501232749055e-01,4.337975556979161151e-01,1.756957392390187067e+01,7.837778538516924520e+00,7.874815463506946722e-01,3.958771436614063166e+00,1.471497332593506790e+01,6.351305534804033925e+00,5.129014089670381082e+00,4.260829123197817481e+00,2.863834977922094893e+01
1.098039215686274495e-01,3.704588119982666905e-01,3.647603015044946217e-01,4.468487255048649298e-01,1.821614615494620182e+01,8.116210737473045000e+00,7.881333503639472715e-01,4.086784147057444194e+00,1.524811644294371327e+01,6.567154001208390213e+00,5.304107820213749491e+00,4.406781714179157206e+00,2.965221671002406723e+01
1.137254901960784298e-01,3.777293637823705974e-01,3.765393290129399051e-01,4.525774278358656311e-01,1.887093138810106652e+01,8.394642936429166369e+00,7.940351975554378328e-01,4.228169103848321342e+00,1.578125955995235863e+01,6.783699172025005275e+00,5.484042403094034235e+00,4.552734305160497819e+00,3.065699817398141036e+01
1.176470588235294101e-01,3.815464032064657673e-01,3.802974779723191090e-01,4.585686265079476631e-01,1.952133517559598275e+01,8.673075135385289514e+00,8.028800706497193351e-01,4.360451773249788054e+00,1.631440267696100577e+01,6.990678914354273132e+00,5.662448217671982142e+00,4.698686896141837543e+00,3.170748891630762145e+01
1.215686274509803905e-01,3.858508794348937121e-01,3.854932018764455348e-01,4.670568053587304536e-01,2.017121690955086422e+01,8.951507334341410882e+00,8.061857388171350669e-01,4.487659018313175707e+00,1.684754579396965113e+01,7.200100255677159389e+00,5.841599678939213725e+00,4.844639487123178156e+00,3.277298806894933847e+01
1.254901960784313708e-01,3.909763031812237832e-01,3.896860725678105153e-01,4.742540726126288075e-01,2.080196512018786237e+01,9.229939533297532250e+00,8.246054365547569320e-01,4.616387171871935813e+00,1.738068891097829649e+01,7.410141249423753074e+00,6.020986664573823255e+00,4.990592078104517881e+00,3.381471203229150291e+01
1.294117647058823373e-01,4.008064403172578172e-01,3.929007525892283526e-01,4.811036673800100916e-01,2.143292668779857379e+01,9.508371732253653619e+00,8.454257165776976057e-01,4.748199550332082630e+00,1.791383202798694185e+01,7.621142029866633472e+00,6.198187085429542442e+00,5.136544669085857606e+00,3.484738802369702171e+01
1.333333333333333315e-01,4.072127965470661581e-01,3.977685781670936005e-01,4.873161298431518129e-01,2.206377179333000882e+01,9.786803931209774987e+00,8.601128518699356906e-01,4.883146532842278731e+00,1.844697514499558721e+01,7.833189685423097792e+00,6.371428687414750769e+00,5.282497260067198219e+00,3.588374099286486540e+01
1.372549019607843257e-01,4.159929825618478016e-01,4.054730982042368814e-01,4.911615154477416700e-01,2.267234179172996633e+01,1.006523613016589813e+01,8.949162895936080275e-01,5.009301315445935820e+00,1.898011826200423258e+01,8.044476233545257315e+00,6.543195320249676428e+00,5.428449851048537944e+00,3.687805694678680624e+01
1.411764705882352922e-01,4.218280338390672513e-01,4.095345327621214282e-01,4.940961568923503688e-01,2.331326048513884786e+01,1.034366832912201950e+01,9.021605093173988843e-01,5.141035771306882829e+00,1.951326137901287794e+01,8.254010870420142254e+00,6.715125650089828646e+00,5.574402442029878557e+00,3.792368442731621059e+01
1.450980392156862586e-01,4.262668352920920833e-01,4.138603001980893925e-01,4.973061536712988784e-01,2.395496864114863911e+01,1.062210052807814087e+01,9.095818536739176396e-01,5.279125367939440316e+00,2.004640449602152330e+01,8.464738963420812112e+00,6.888267729688494434e+00,5.720355033011218282e+00,3.906067850950105225e+01
1.490196078431372528e-01,4.309763043759182732e-01,4.179741796876988991e-01,5.013980063274647847e-01,2.458397743076429975e+01,1.090053272703426401e+01,9.297721403322092293e-01,5.416332252139465453e+00,2.057954761303017222e+01,8.678002334928930139e+00,7.058511880085665879e+00,5.866307623992558007e+00,4.006715280578147542e+01
1.529411764705882470e-01,4.356712458165947210e-01,4.212482936760403862e-01,5.095679201327718566e-01,2.522942632897959925e+01,1.117896492599038538e+01,9.377571183311282921e-01,5.551636518486454008e+00,2.111269073003881758e+01,8.887151981465315487e+00,7.236055579534854232e+00,6.012260214973898620e+00,4.105016611271770444e+01
1.568627450980392135e-01,4.373332776339662886e-01,4.267280240960840687e-01,5.174893905340028910e-01,2.588422268538167970e+01,1.145739712494650675e+01,9.411343511169850684e-01,5.689974723815151236e+00,2.164583384704746294e+01,9.098798672308628710e+00,7.412593956051727773e+00,6.158212805955238345e+00,4.207824266698921178e+01
1.607843137254901800e-01,4.389953094513378562e-01,4.365857438056604534e-01,5.268612336033278165e-01,2.653901904178376370e+01,1.173582932390262812e+01,9.445115839028419558e-01,5.835942896085764886e+00,2.217897696405610830e+01,9.321064559212135947e+00,7.586916191296969814e+00,6.304165396936578958e+00,4.299503344772318059e+01
1.647058823529411742e-01,4.433617431518555585e-01,4.416771963537393653e-01,5.320703751326001374e-01,2.718101874135501816e+01,1.201426152285874949e+01,9.556328590967271275e-01,5.976430524010758916e+00,2.271212008106475366e+01,9.535895971580393038e+00,7.760775321481098388e+00,6.450117987917918683e+00,4.405243415386377848e+01
1.686274509803921684e-01,4.480858382991487754e-01,4.454108491024224015e-01,5.361796716094430204e-01,2.782583555737597436e+01,1.229269372181487263e+01,9.687623533509328588e-01,6.113263755265212041e+00,2.324526319807339902e+01,9.747628397628437469e+00,7.935470495951673975e+00,6.596070578899258408e+00,4.509389739346269010e+01
1.725490196078431349e-01,4.556826375272093888e-01,4.523290170571619973e-01,5.389663736326619770e-01,2.846266193032854375e+01,1.257112592077099400e+01,9.796089318021650172e-01,6.251483919975600045e+00,2.377840631508204439e+01,9.963931582769326667e+00,8.105405514189746086e+00,6.742023169880599021e+00,4.613192976167939463e+01
1.764705882352941013e-01,4.660318143614760045e-01,4.576603751831149758e-01,5.413325662834933549e-01,2.906686027942595274e+01,1.284955811972711537e+01,1.014515903915852224e+00,6.385367476919933338e+00,2.431154943209068975e+01,1.017331082879550941e+01,8.273875673580581847e+00,6.887975760861938745e+00,4.717055527453818797e+01
1.803921568627450955e-01,4.715583634477640285e-01,4.612123099957428085e-01,5.467546072982109040e-01,2.969540631867528546e+01,1.312799031868323851e+01,1.031658375503401670e+00,6.517181386265179732e+00,2.484469254909933511e+01,1.038520372732875074e+01,8.451216562524651366e+00,7.033928351843279358e+00,4.819651790154098592e+01
1.843137254901960898e-01,4.747686566646628359e-01,4.650771881137024666e-01,5.517007260253059542e-01,3.033192193389903935e+01,1.340642251763935988e+01,1.039719764504668298e+00,6.652694844621194648e+00,2.537783566610798047e+01,1.059746543155569931e+01,8.624448586598591149e+00,7.179880942824619083e+00,4.923137294126300390e+01
1.882352941176470562e-01,4.763621088252722457e-01,4.697569698555566498e-01,5.567708351637500330e-01,3.098786391582370570e+01,1.368485471659548125e+01,1.039719764504668298e+00,6.783860193997227839e+00,2.591097878311662583e+01,1.080237065800376328e+01,8.798064061422945059e+00,7.325833533805959696e+00,5.028547188125654088e+01
1.921568627450980227e-01,4.779555609858816001e-01,4.736206207542720259e-01,5.638195664934280149e-01,3.164380589774837205e+01,1.396328691555160262e+01,1.039719764504668298e+00,6.915254182709310804e+00,2.644412190012527475e+01,1.100876980360623314e+01,8.975117283792256373e+00,7.471786124787299421e+00,5.129581256349060681e+01
1.960784313725490169e-01,4.818067669162937605e-01,4.776155061435969351e-01,5.695793072089085918e-01,3.227847167636674186e+01,1.424171911450772399e+01,1.054806501015975062e+00,7.048749564414046098e+00,2.697726501713392011e+01,1.121706566911251457e+01,9.147676893786652386e+00,7.617738715768639146e+00,5.229131007473272774e+01
2.000000000000000111e-01,4.854951781090169338e-01,4.817218282801997153e-01,5.761304349965359339e-01,3.292441221768423532e+01,1.452015131346384713e+01,1.057247693438536418e+00,7.185862870835274308e+00,2.751040813414256547e+01,1.142301004961839617e+01,9.322965947182972002e+00,7.763691306749979759e+00,5.327139122404856408e+01
2.039215686274509776e-01,4.887731121959634217e-01,4.854231234359315805e-01,5.837659522900776610e-01,3.356823944013352445e+01,1.479858351241996850e+01,1.061523199600870271e+00,7.317507900197819382e+00,2.804355125115121083e+01,1.163334237136677451e+01,9.495967651564530598e+00,7.909643897731319484e+00,5.429130114134866147e+01
2.078431372549019440e-01,4.955990023133244327e-01,4.892422274904305590e-01,5.875240944524791065e-01,3.419053916144707017e+01,1.507701571137608987e+01,1.089264071874411322e+00,7.454950535275967738e+00,2.857669436815985620e+01,1.184773241254316289e+01,9.669118493986102791e+00,8.055596488712659209e+00,5.532305638553857818e+01
2.117647058823529382e-01,5.050833323013592668e-01,4.933142711322469620e-01,5.916491111548790593e-01,3.482485825200861029e+01,1.535544791033221301e+01,1.099952258782920467e+00,7.594479043199883428e+00,2.910983748516850156e+01,1.205817930166676000e+01,9.844589763080133338e+00,8.201549079693998934e+00,5.637917442273247559e+01
2.156862745098039325e-01,5.080300765643306349e-01,4.972923029764120817e-01,5.972265356480579435e-01,3.546682977189827568e+01,1.563388010928833438e+01,1.107512499511577930e+00,7.734404863474343195e+00,2.964298060217714692e+01,1.226982015542967730e+01,1.002186122707741056e+01,8.347501670675338659e+00,5.740837958568114630e+01
2.196078431372548989e-01,5.111101804354092337e-01,4.998026690929275317e-01,6.017302750458864979e-01,3.610775347704289828e+01,1.591231230824445575e+01,1.116572002284006437e+00,7.865184328516180656e+00,3.017612371918579228e+01,1.247386410358519981e+01,1.019604289196129088e+01,8.493454261656678383e+00,5.839398846942788168e+01
2.235294117647058654e-01,5.164691301379414901e-01,5.019869285728401076e-01,6.061227624290944638e-01,3.674365664159794420e+01,1.619074450720057712e+01,1.130660379556682749e+00,7.993792005226143083e+00,3.070926683619443764e+01,1.267594550559174671e+01,1.036933827619497350e+01,8.639406852638019885e+00,5.937800168092523734e+01
2.274509803921568596e-01,5.216749672241730584e-01,5.051782148724699439e-01,6.098420503211661181e-01,3.738806867589042326e+01,1.646917670615669849e+01,1.136863896968097754e+00,8.121285996601004697e+00,3.124240995320308301e+01,1.287464312710605263e+01,1.054107882996315837e+01,8.785359443619359610e+00,6.037643305170491459e+01
2.313725490196078538e-01,5.262031461462450821e-01,5.091738439964678120e-01,6.139135135599040893e-01,3.803147620125219674e+01,1.674760890511281985e+01,1.144505132463572439e+00,8.250761231024020148e+00,3.177555307021173192e+01,1.307841562151091708e+01,1.071035882233188374e+01,8.931312034600699334e+00,6.138387825068868153e+01
2.352941176470588203e-01,5.289347420611602013e-01,5.127371860042193585e-01,6.187699148458862819e-01,3.866525206612235621e+01,1.702604110406894478e+01,1.162506845785088672e+00,8.384287566219285281e+00,3.230869618722037728e+01,1.328763104221075686e+01,1.087830987205144595e+01,9.077264625582039059e+00,6.240503485653417215e+01
2.392156862745097867e-01,5.311187435732996898e-01,5.155223191233847535e-01,6.228506703626476293e-01,3.931317746177652594e+01,1.730447330302506614e+01,1.167324699532144239e+00,8.513346876314725975e+00,3.284183930422901909e+01,1.348972825554805333e+01,1.104983837875608899e+01,9.223217216563378784e+00,6.339869368012440276e+01
2.431372549019607809e-01,5.331868850538754590e-01,5.209214156658868999e-01,6.264720362557923972e-01,3.996409661535615498e+01,1.758290550198118751e+01,1.169353112082055945e+00,8.647750723649988203e+00,3.337498242123766801e+01,1.369471531201299008e+01,1.122346848368161432e+01,9.369169807544720285e+00,6.444530266572155597e+01
2.470588235294117752e-01,5.371219769114434772e-01,5.289440013124843132e-01,6.296598737054572847e-01,4.060434461811569662e+01,1.786133770093730888e+01,1.186317565384813033e+00,8.803408546699984072e+00,3.390812553824630982e+01,1.392042501090665674e+01,1.139542021830072471e+01,9.515122398526060010e+00,6.546150761724381084e+01
2.509803921568627416e-01,5.406182357822212348e-01,5.317315366299486534e-01,6.326094268754628436e-01,4.125403601202815906e+01,1.813976989989343025e+01,1.193151624495238039e+00,8.946412043816266646e+00,3.444126865525495873e+01,1.413176624253251745e+01,1.156806174288879596e+01,9.661074989507399735e+00,6.645953405388139856e+01
2.549019607843137081e-01,5.481677119554724253e-01,5.344388882268742424e-01,6.358386427190995116e-01,4.188825375023869668e+01,1.841820209884955162e+01,1.213072657987463998e+00,9.082969518430804357e+00,3.497441177226360765e+01,1.433531846602331505e+01,1.174256449749333875e+01,9.807027580488739460e+00,6.745055965817951460e+01
2.588235294117646745e-01,5.522294575371091696e-01,5.373284685554513551e-01,6.468415395647991728e-01,4.252344770412016572e+01,1.869663429780567299e+01,1.225643095537843896e+00,9.210552372064269022e+00,3.550755488927224945e+01,1.452841725408383056e+01,1.191745469099109478e+01,9.952980171470079185e+00,6.835589577639771619e+01
2.627450980392156965e-01,5.557052376458353482e-01,5.402180488840284678e-01,6.514158366837069503e-01,4.314523150289751641e+01,1.897506649676179435e+01,1.252162368060778075e+00,9.338135225697733688e+00,3.604069800628089837e+01,1.472151604214434784e+01,1.208721093374088618e+01,1.009893276245142069e+01,6.934836906934472722e+01
2.666666666666666630e-01,5.581351403532875954e-01,5.439099222146788204e-01,6.556080783491871067e-01,4.377985879808164071e+01,1.925349869571791572e+01,1.267460888425742116e+00,9.472042936116812584e+00,3.657384112328954018e+01,1.492801095519897281e+01,1.225668478017780139e+01,1.024488535343276041e+01,7.034259076597274429e+01
2.705882352941176294e-01,5.600497097884797881e-01,5.464073311323861537e-01,6.588819494392554876e-01,4.442270734216485550e+01,1.953193089467404064e+01,1.275204923450630190e+00,9.602877351867460831e+00,3.710698424029818909e+01,1.512949040834236669e+01,1.242550781614270328e+01,1.039083794441410014e+01,7.133678687056166723e+01
2.745098039215686514e-01,5.643378810164219050e-01,5.482526774678483372e-01,6.621558205293239796e-01,4.506793560550809730e+01,1.981036309363016201e+01,1.281829419885733845e+00,9.731168316079507719e+00,3.764012735730683090e+01,1.532619440258468302e+01,1.259433085210760694e+01,1.053679053539543986e+01,7.233098297515057595e+01
2.784313725490196179e-01,5.701037710628683586e-01,5.508028301855710795e-01,6.649844957942400159e-01,4.571464539618421696e+01,2.008879529258628338e+01,1.287756931996331344e+00,9.864904770867063633e+00,3.817327047431547982e+01,1.552941082571052789e+01,1.276403241723908621e+01,1.068274312637677959e+01,7.331400388107496724e+01
2.823529411764705843e-01,5.733246211307000406e-01,5.547053125199886692e-01,6.679208586642426670e-01,4.636248175316470821e+01,2.036722749154240475e+01,1.290914944056149150e+00,1.000084502836849509e+01,3.870641359132412163e+01,1.573547806856847409e+01,1.293373181011278561e+01,1.082869571735812109e+01,7.430510329988014462e+01
2.862745098039215508e-01,5.746713588314328325e-01,5.606010715487298457e-01,6.709560136801570041e-01,4.701114768919349984e+01,2.064565969049852612e+01,1.292033556208908252e+00,1.013287686358312989e+01,3.923955670833277054e+01,1.593737516757441774e+01,1.310271758263288611e+01,1.097464830833946081e+01,7.531900853840856769e+01
2.901960784313725172e-01,5.760180965321656243e-01,5.673496355957358128e-01,6.729630370251553639e-01,4.765981362522229858e+01,2.092409188945464749e+01,1.293152168361667353e+00,1.028872613637105715e+01,3.977269982534141235e+01,1.617184116750389578e+01,1.326991677370991773e+01,1.112060089932080054e+01,7.635927359040132956e+01
2.941176470588235392e-01,5.780961259239074668e-01,5.744937391402664684e-01,6.751260146905364579e-01,4.830247420503726374e+01,2.120252408841076885e+01,1.300639265385136412e+00,1.043111026219423643e+01,4.030584294235006126e+01,1.638540591574981420e+01,1.343807564307418900e+01,1.126655349030214026e+01,7.739156240771919215e+01
2.980392156862745057e-01,5.806184316467905004e-01,5.787986133340523587e-01,6.778131022969338115e-01,4.894215050671807887e+01,2.148095628736689378e+01,1.310739168278439726e+00,1.056942218566223524e+01,4.083898605935871018e+01,1.659256535973890223e+01,1.360945966791531703e+01,1.141250608128347999e+01,7.839704578691429049e+01
3.019607843137254721e-01,5.842619127907554555e-01,5.816656583252062251e-01,6.868529874225378640e-01,4.958264917063764443e+01,2.175938848632301514e+01,1.311631815480831520e+00,1.070382416909566103e+01,4.137212917636735199e+01,1.679552901042530522e+01,1.378391288413315507e+01,1.155845867226482149e+01,7.939286396166680504e+01
3.058823529411764941e-01,5.868598129620464787e-01,5.846064938510218134e-01,6.919623300940370703e-01,5.022517223600158331e+01,2.203782068527913651e+01,1.318920113307552322e+00,1.083633990522221779e+01,4.190527229337600090e+01,1.699814260861785797e+01,1.395314127094632362e+01,1.170441126324616121e+01,8.041860781992100726e+01
3.098039215686274606e-01,5.904398638700453228e-01,5.879965888731965018e-01,6.957217259115496821e-01,5.085713836579608937e+01,2.231625288423525788e+01,1.332400199846568656e+00,1.097184059087554786e+01,4.243841541038464271e+01,1.719975798437013026e+01,1.412295068290462474e+01,1.185036385422750094e+01,8.140384988607021910e+01
3.137254901960784270e-01,5.992459275012321784e-01,5.906067495983482463e-01,6.994025805347816593e-01,5.146481652742495072e+01,2.259468508319137925e+01,1.366283437888278440e+00,1.110495646063779596e+01,4.297155852739329163e+01,1.740037368212953695e+01,1.429730543311389646e+01,1.199631644520884066e+01,8.235161459620546509e+01
3.176470588235293935e-01,6.044671862450321509e-01,5.933744767446095247e-01,7.046669474604585481e-01,5.210937702482434730e+01,2.287311728214750062e+01,1.373666337793342906e+00,1.123764522162579738e+01,4.350470164440193344e+01,1.760027426102364956e+01,1.447535358930471361e+01,1.214226903619018039e+01,8.331990847392788169e+01
3.215686274509803599e-01,6.070260424717012215e-01,5.965117569520392848e-01,7.080886685484852894e-01,5.275291115699902633e+01,2.315154948110362199e+01,1.384387732404178006e+00,1.137063190661176648e+01,4.403784476141058235e+01,1.779995786984246919e+01,1.464490883005053590e+01,1.228822162717152189e+01,8.430003135999604069e+01
3.254901960784313819e-01,6.122658141558964262e-01,5.998796804980355279e-01,7.117496021889001545e-01,5.338317866780672460e+01,2.342998168005974335e+01,1.404748997006076250e+00,1.150822107733733901e+01,4.457098787841922416e+01,1.800487784453247642e+01,1.481308742917386390e+01,1.243417421815286161e+01,8.525029445383833604e+01
3.294117647058823484e-01,6.139935697872065390e-01,6.026367013554677632e-01,7.153622542368279769e-01,5.403533260125818316e+01,2.370841387901586472e+01,1.405275882155910372e+00,1.164003232426042977e+01,4.510413099542787307e+01,1.819677947354656666e+01,1.498085958722569266e+01,1.258012680913420134e+01,8.622529156917097737e+01
3.333333333333333148e-01,6.157248482287792646e-01,6.053020096981617248e-01,7.184955166611196598e-01,5.468743819353008462e+01,2.398684607797198964e+01,1.405813061724539237e+00,1.177078872883301663e+01,4.563727411243651488e+01,1.839158717104781360e+01,1.514818117714753853e+01,1.272607940011554106e+01,8.724116974473834318e+01
3.372549019607843368e-01,6.176262528607205926e-01,6.079290900305327483e-01,7.216619970034064968e-01,5.533720925737005558e+01,2.426527827692811101e+01,1.406847387071991307e+00,1.190102172866679453e+01,4.617041722944516380e+01,1.858962236554856062e+01,1.531237863156304080e+01,1.287203199109688079e+01,8.824292869444779797e+01
3.411764705882353033e-01,6.195276574926619206e-01,6.114848291038273986e-01,7.234400976169921282e-01,5.598698032121002655e+01,2.454371047588423238e+01,1.407881712419443376e+00,1.204021120580987692e+01,4.670356034645381271e+01,1.879670039002455439e+01,1.547811689304453964e+01,1.301798458207822229e+01,8.923327651841763952e+01
3.450980392156862697e-01,6.231162689234889251e-01,6.171505744268507287e-01,7.252181982305777597e-01,5.663354932600943670e+01,2.482214267484035375e+01,1.413496419880214461e+00,1.217815841190991755e+01,4.723670346346245452e+01,1.899948197377426951e+01,1.564385515452603848e+01,1.316393717305956201e+01,9.022362434238746687e+01
3.490196078431372362e-01,6.267791656355863328e-01,6.211577156851588732e-01,7.274637304511657465e-01,5.727997734876880997e+01,2.510057487379647512e+01,1.419312794957449997e+00,1.231252629879888261e+01,4.776984658047110344e+01,1.919894884950085512e+01,1.581144631246046472e+01,1.330988976404090174e+01,9.120215232641648129e+01
3.529411764705882026e-01,6.297718272889843982e-01,6.238534102026849215e-01,7.298431541405101530e-01,5.792076557353178856e+01,2.537900707275259649e+01,1.430015198141868282e+00,1.244498551743934911e+01,4.830298969747974525e+01,1.939725122971082882e+01,1.597772463662873399e+01,1.345584235502224146e+01,9.217477159459103575e+01
3.568627450980392246e-01,6.322647148637638992e-01,6.267216178397720938e-01,7.324749334231143161e-01,5.856103148725785701e+01,2.565743927170871785e+01,1.438583654676843349e+00,1.258223343271516370e+01,4.883613281448839416e+01,1.960319344149936782e+01,1.613559974689549037e+01,1.360179494600358119e+01,9.312814036386461680e+01
3.607843137254901911e-01,6.343072818111442635e-01,6.297399077222436414e-01,7.351067127057185902e-01,5.920225729293058947e+01,2.593587147066484278e+01,1.442985419188985707e+00,1.272192656937346555e+01,4.936927593149703597e+01,1.980584453805986911e+01,1.629347485716225208e+01,1.374774753698492269e+01,9.408150913313821206e+01
3.647058823529411575e-01,6.376681990437418346e-01,6.325171727036774660e-01,7.377384919883227532e-01,5.982702825258489554e+01,2.621430366962096414e+01,1.458144936205785225e+00,1.285982417688769530e+01,4.990241904850568488e+01,2.000476770705241591e+01,1.645134996742900668e+01,1.389370012796626241e+01,9.503487790241177890e+01
3.686274509803921795e-01,6.452339606491817037e-01,6.349624114805847430e-01,7.403702712709270273e-01,6.044487523435289233e+01,2.649273586857708551e+01,1.485309328057488054e+00,1.299473408091352056e+01,5.043556216551432669e+01,2.020073014366826314e+01,1.660922507769576484e+01,1.403965271894760214e+01,9.598824667168535996e+01
3.725490196078431460e-01,6.506343661377115284e-01,6.369519972272793540e-01,7.427807940567480172e-01,6.106715363474344116e+01,2.677116806753320688e+01,1.507084693529043840e+00,1.312894497443598318e+01,5.096870528252297561e+01,2.039371856999194677e+01,1.677449037847680202e+01,1.418560530992894186e+01,9.695380285596161229e+01
3.764705882352941124e-01,6.529416529751265186e-01,6.388700709853970539e-01,7.450936071612362932e-01,6.171007827831623160e+01,2.704960026648932825e+01,1.510423546238905290e+00,1.326304616248560109e+01,5.150184839953161742e+01,2.058624024337877145e+01,1.694301928132439272e+01,1.433155790091028337e+01,9.792474115761520181e+01
3.803921568627450789e-01,6.551667029070484816e-01,6.434095968241781982e-01,7.469781227530847278e-01,6.235376613606333507e+01,2.732803246544544962e+01,1.513693991761638546e+00,1.339801753565299514e+01,5.203499151654026633e+01,2.078339721323379763e+01,1.711148213900388981e+01,1.447751049189162309e+01,9.889025224471458841e+01
3.843137254901960453e-01,6.585710431011022603e-01,6.477440368824920469e-01,7.488618160206047536e-01,6.298602142492396894e+01,2.760646466440157099e+01,1.532879080943034600e+00,1.353346226600933910e+01,5.256813463354891525e+01,2.098164533832322931e+01,1.727994486987772760e+01,1.462346308287296281e+01,9.985575291164941802e+01
3.882352941176470673e-01,6.619140750447216615e-01,6.501343576935517676e-01,7.527662934744963064e-01,6.362975797150224366e+01,2.788489686335769235e+01,1.543384000352174601e+00,1.366960897491084204e+01,5.310127775055755706e+01,2.118007350088505447e+01,1.745290396658835164e+01,1.476941567385430254e+01,1.008244574420711928e+02
3.921568627450980338e-01,6.649543272093332291e-01,6.526848013834632978e-01,7.567834006447526907e-01,6.427317290263624727e+01,2.816332906231381372e+01,1.550128063698712255e+00,1.380508677013957630e+01,5.363442086756620597e+01,2.137720322680391405e+01,1.761527685915081065e+01,1.491536826483564226e+01,1.018021669599276464e+02
3.960784313725490002e-01,6.672496983975200191e-01,6.553754555188874287e-01,7.607909307124925968e-01,6.491858685076346092e+01,2.844176126126993864e+01,1.554477848821217867e+00,1.393994154926065043e+01,5.416756398457484778e+01,2.157399528515407994e+01,1.777715767813643311e+01,1.506132085581698377e+01,1.027801619857864921e+02
4.000000000000000222e-01,6.686449376411438550e-01,6.583425252117112159e-01,7.628384256205033020e-01,6.556735878638994564e+01,2.872019346022606001e+01,1.556907753976122466e+00,1.407344523825289606e+01,5.470070710158349669e+01,2.177275525462428263e+01,1.793880938670767478e+01,1.520727344679832349e+01,1.037261650593193281e+02
4.039215686274509887e-01,6.700401768847676909e-01,6.610845183030542582e-01,7.649123795436919560e-01,6.621613072201641614e+01,2.899862565918218138e+01,1.559337659131027287e+00,1.420310015077518173e+01,5.523385021859213850e+01,2.196601345460027588e+01,1.810092359282731067e+01,1.535322603777966322e+01,1.046736820532120760e+02
4.078431372549019551e-01,6.729133106805543774e-01,6.638116063368926234e-01,7.672607811825981061e-01,6.685748372238462878e+01,2.927705785813830275e+01,1.569581046682282599e+00,1.433524435904761241e+01,5.576699333560078742e+01,2.215894209894608125e+01,1.826783508239937248e+01,1.549917862876100294e+01,1.056369022764866656e+02
4.117647058823529216e-01,6.761292427623378787e-01,6.665845226878162055e-01,7.696142788096296261e-01,6.749775417394009480e+01,2.955549005709442412e+01,1.576865049160393939e+00,1.447256288333235297e+01,5.630013645260942923e+01,2.235304662334312908e+01,1.843481669693125014e+01,1.564513121974234267e+01,1.066074583534948346e+02
4.156862745098038880e-01,6.788077625049930841e-01,6.698342911420356316e-01,7.719748705664117860e-01,6.814027625663017318e+01,2.983392225605054549e+01,1.579320950173815019e+00,1.460496075042498276e+01,5.683327956961807814e+01,2.254678984755929605e+01,1.860189593248410134e+01,1.579108381072368417e+01,1.075882266792239648e+02
4.196078431372549100e-01,6.810072890031692028e-01,6.722621923426117529e-01,7.740475394468525616e-01,6.878083118266360430e+01,3.011235445500666685e+01,1.586147465105889331e+00,1.473638437371400478e+01,5.736642268662672706e+01,2.273672649128488032e+01,1.876788233138799100e+01,1.593703640170502389e+01,1.085548605054393079e+02
4.235294117647058765e-01,6.832575198765487023e-01,6.744388897309571140e-01,7.760276721143842815e-01,6.942000017626821773e+01,3.039078665396279177e+01,1.594320588486081602e+00,1.486756051692066904e+01,5.789956580363536887e+01,2.292552321540825133e+01,1.893351750094147690e+01,1.608298899268636362e+01,1.095169516114894606e+02
4.274509803921568429e-01,6.855876576527364374e-01,6.758921452999733237e-01,7.827919047466420643e-01,7.005698502762781743e+01,3.066921885291891314e+01,1.604615881993665338e+00,1.499879025728599480e+01,5.843270892064401778e+01,2.310519930285487078e+01,1.912071701935655099e+01,1.622894158366770512e+01,1.105084945372452125e+02
4.313725490196078649e-01,6.919486515937229854e-01,6.773210382987461253e-01,7.887573106466775341e-01,7.068201794834442353e+01,3.094765105187503451e+01,1.623179057619959398e+00,1.513002180258505014e+01,5.896585203765265959e+01,2.328456824445262185e+01,1.930956134522709533e+01,1.637489417464904307e+01,1.115094128130505453e+02
4.352941176470588314e-01,6.948332675674859793e-01,6.793976033683845062e-01,7.926489397637003220e-01,7.132930010609240412e+01,3.122608325083115588e+01,1.627850875701436495e+00,1.526504043681662459e+01,5.949899515466130850e+01,2.347099542353047852e+01,1.949010638546626950e+01,1.652084676563038457e+01,1.125060566301964684e+02
4.392156862745097978e-01,6.989006534817009397e-01,6.831372026003253994e-01,7.949230618461620157e-01,7.197151926612244210e+01,3.150451544978727725e+01,1.641735147820633900e+00,1.540767903661006955e+01,6.003213827166995031e+01,2.367594678101964334e+01,1.965296011910810492e+01,1.666679935661172252e+01,1.134848133925166849e+02
4.431372549019607643e-01,7.027973795836771620e-01,6.856026019924954529e-01,7.971152711825179038e-01,7.260404938270907849e+01,3.178294764874339862e+01,1.657549153479589421e+00,1.553835658429204614e+01,6.056528138867859923e+01,2.386787096543253028e+01,1.981542305467694121e+01,1.681275194759306402e+01,1.144392694378792612e+02
4.470588235294117307e-01,7.060838389600065934e-01,6.879382725741914895e-01,7.992228867540065451e-01,7.324296121604388077e+01,3.206137984769951998e+01,1.665425583046727498e+00,1.567525261848565243e+01,6.109842450568724104e+01,2.405708767014021987e+01,1.997748240128227337e+01,1.695870453857440552e+01,1.153686293994923204e+02
4.509803921568627527e-01,7.087978246130884896e-01,6.902383103075914184e-01,8.016998014002632011e-01,7.387853935248001847e+01,3.233981204665564491e+01,1.678110724797314823e+00,1.581449693495422792e+01,6.163156762269588995e+01,2.424543576282149004e+01,2.014214434794957853e+01,1.710465712955574347e+01,1.162967287907006551e+02
4.549019607843137192e-01,7.114290582821584108e-01,6.935389091427824892e-01,8.043204142565998360e-01,7.451420251478944579e+01,3.261824424561176272e+01,1.691983503799383781e+00,1.595517700298470132e+01,6.216471073970453176e+01,2.444502594130788253e+01,2.030755914784003480e+01,1.725060972053708497e+01,1.172344785371626017e+02
4.588235294117646856e-01,7.139290552246844168e-01,6.955564758487770005e-01,8.066012818556820285e-01,7.515073051504845125e+01,3.289667644456788764e+01,1.705520769507164358e+00,1.609567683498272217e+01,6.269785385671318068e+01,2.462974820484771854e+01,2.046935349608688526e+01,1.739656231151842292e+01,1.182212393577475922e+02
4.627450980392157076e-01,7.157668360788614903e-01,6.973012367933012490e-01,8.089429894236804808e-01,7.579379931314326768e+01,3.317510864352400546e+01,1.710747982482823115e+00,1.623613834414613777e+01,6.323099697372182959e+01,2.481130916574658585e+01,2.063089260383184254e+01,1.754251490249976442e+01,1.191951290424909331e+02
4.666666666666666741e-01,7.176046169330386748e-01,6.994150689605455051e-01,8.113574145631348156e-01,7.643686811123809832e+01,3.345354084248013038e+01,1.715975195458481872e+00,1.637259831654858644e+01,6.376414009073047140e+01,2.499760591204454485e+01,2.079212664124613141e+01,1.768846749348110592e+01,1.201536347985939841e+02
4.705882352941176405e-01,7.198486971877517959e-01,7.017994331381208761e-01,8.139545031032932032e-01,7.708411804355114327e+01,3.373197304143625530e+01,1.719271312170318478e+00,1.650612513210293386e+01,6.429728320773912742e+01,2.518737402502092948e+01,2.095806695809390874e+01,1.783442008446244387e+01,1.210646148630174963e+02
4.745098039215686070e-01,7.220834013651904471e-01,7.044558010769558232e-01,8.166998133111545988e-01,7.773111258443104532e+01,3.401040524039237312e+01,1.723445150945404292e+00,1.664459221181005333e+01,6.483042632474777633e+01,2.538148437537314450e+01,2.112518125885332410e+01,1.798037267544378537e+01,1.219772867472333502e+02
4.784313725490195734e-01,7.242569426073831584e-01,7.073141333998805846e-01,8.196414375413300091e-01,7.837696567049064811e+01,3.428883743934849804e+01,1.730594395731819057e+00,1.678132364283670697e+01,6.536356944175641104e+01,2.557726035241750395e+01,2.129262640899348114e+01,1.812632526642512332e+01,1.229118664070088442e+02
4.823529411764705954e-01,7.263973800298765271e-01,7.108117426897886393e-01,8.216057590166928604e-01,7.902160880595680226e+01,3.456726963830461585e+01,1.736684577766014925e+00,1.691663458876842441e+01,6.589671255876505995e+01,2.577915350636267888e+01,2.145493410547016566e+01,1.827227785740646482e+01,1.238552455974985378e+02
4.862745098039215619e-01,7.284943994671512213e-01,7.161202751248306742e-01,8.235698825131770873e-01,7.966466500621551461e+01,3.484570183726074077e+01,1.741385724597039664e+00,1.705624339491523855e+01,6.642985567577370887e+01,2.599993789585941784e+01,2.161725799446064755e+01,1.841823044838780632e+01,1.247983431831147954e+02
4.901960784313725283e-01,7.321289971519171491e-01,7.209136392663454407e-01,8.255246415018775430e-01,8.030624353579408137e+01,3.512413403621685859e+01,1.747639069468645223e+00,1.719693264981681935e+01,6.696299879278235778e+01,2.621201839217085805e+01,2.178034779809109267e+01,1.856418303936914427e+01,1.257281207062665089e+02
4.941176470588235503e-01,7.369593018818658692e-01,7.242970592397850460e-01,8.275087678982175898e-01,8.094667294581041972e+01,3.540256623517298351e+01,1.755099490556156994e+00,1.733336109978074546e+01,6.749614190979099249e+01,2.640653607710192929e+01,2.194346236116077264e+01,1.871013563035048577e+01,1.266579489927239592e+02
4.980392156862745168e-01,7.394003629475569550e-01,7.267354977663782467e-01,8.314834426242665444e-01,8.158395706426325944e+01,3.568099843412910133e+01,1.764464853009904077e+00,1.746796683611222889e+01,6.802928502679964140e+01,2.659328861707735214e+01,2.210825514046967655e+01,1.885608822133182372e+01,1.275912180600169421e+02
5.019607843137254832e-01,7.416602105589819027e-01,7.287361213033212159e-01,8.353685616999629859e-01,8.222058978012879038e+01,3.595943063308522625e+01,1.773292845009302621e+00,1.760187605637838715e+01,6.856242814380829032e+01,2.677701729760602234e+01,2.227285557298389307e+01,1.900204081231316522e+01,1.285252124243144749e+02
5.058823529411764497e-01,7.438312269906144358e-01,7.310224057398727604e-01,8.371727777424716743e-01,8.285566555472117045e+01,3.623786283204135117e+01,1.779813375190999913e+00,1.773873708988285713e+01,6.909557126081693923e+01,2.696425347930161109e+01,2.243298666127560281e+01,1.914799340329450672e+01,1.294760596921506135e+02
5.098039215686274161e-01,7.458565725135847257e-01,7.334573302232444414e-01,8.389769937849803627e-01,8.349304919655436663e+01,3.651629503099746898e+01,1.785321289601419004e+00,1.787710341970187855e+01,6.962871437782558814e+01,2.715333334744193294e+01,2.259311774956730545e+01,1.929394599427584467e+01,1.304269069599867237e+02
5.137254901960783826e-01,7.476778295280173126e-01,7.359490389343412708e-01,8.408592454018460893e-01,8.413366621688027180e+01,3.679472722995359391e+01,1.789410504531069979e+00,1.801547140068893782e+01,7.016185749483422285e+01,2.734346565580624855e+01,2.275391525825586569e+01,1.943989858525718617e+01,1.313799951537281743e+02
5.176470588235293491e-01,7.497445807122254946e-01,7.387217720440862889e-01,8.427533949588479345e-01,8.477542122433527538e+01,3.707315942890971172e+01,1.793534154421607241e+00,1.815501396004134094e+01,7.069500061184287176e+01,2.753587023561381031e+01,2.291481437483354711e+01,1.958585117623852412e+01,1.323334250173104465e+02
5.215686274509804266e-01,7.524983254041029967e-01,7.416265313919779834e-01,8.450959748959427920e-01,8.542036078713113056e+01,3.735159162786583664e+01,1.797754167474607145e+00,1.829530763127437964e+01,7.122814372885152068e+01,2.772889699798212959e+01,2.307609232359796536e+01,1.973180376721986562e+01,1.332727864101594832e+02
5.254901960784313930e-01,7.547478112664144367e-01,7.438371689833801481e-01,8.473696243542514495e-01,8.606141426088868229e+01,3.763002382682195446e+01,1.801738820331556745e+00,1.843347972840951599e+01,7.176128684586016959e+01,2.791456921509079692e+01,2.323587836656354000e+01,1.987775635820120712e+01,1.342014533790934934e+02
5.294117647058823595e-01,7.569187083230421997e-01,7.464615727423165037e-01,8.489160902357909544e-01,8.670177954975837054e+01,3.790845602577807938e+01,1.805634259732861402e+00,1.857366213568530000e+01,7.229442996286880430e+01,2.810608991330548179e+01,2.338935016601867645e+01,2.002370894918254507e+01,1.351018180585495827e+02
5.333333333333333259e-01,7.600961263060870277e-01,7.494735943394171818e-01,8.504625561173305703e-01,8.734529794948909398e+01,3.818688822473419719e+01,1.807069385874703782e+00,1.871543016844053398e+01,7.282757307987745321e+01,2.830215605105992438e+01,2.354282196547381290e+01,2.016966154016388657e+01,1.360021827380056720e+02
5.372549019607842924e-01,7.627129242975233536e-01,7.518138501559633591e-01,8.523592358870900609e-01,8.798673416378959189e+01,3.846532042369032212e+01,1.814715987873748437e+00,1.885269771265618033e+01,7.336071619688610213e+01,2.848484859010709158e+01,2.369915252808782924e+01,2.031561413114522452e+01,1.369211410197616772e+02
5.411764705882352589e-01,7.652913327259015519e-01,7.540989483200715160e-01,8.544322214234711943e-01,8.862743221155206186e+01,3.874375262264644704e+01,1.824515422022334077e+00,1.898965676456987239e+01,7.389385931389475104e+01,2.866867975451769013e+01,2.385692225815713741e+01,2.046156672212656602e+01,1.378494597507117874e+02
5.450980392156862253e-01,7.683653913421186754e-01,7.563327816143354809e-01,8.562752521193751631e-01,8.926743945481084097e+01,3.902218482160256485e+01,1.836166362344078706e+00,1.912632909620073107e+01,7.442700243090339995e+01,2.885356918516112756e+01,2.401534372956384189e+01,2.060751931310790752e+01,1.387582488303605430e+02
5.490196078431373028e-01,7.701940536449097818e-01,7.588610144287063486e-01,8.580509077349971481e-01,8.990815826853862802e+01,3.930061702055868977e+01,1.840047392391770176e+00,1.926058635284725540e+01,7.496014554791203466e+01,2.903669881994336777e+01,2.417395615639830808e+01,2.075347190408924547e+01,1.396613158655349025e+02
5.529411764705882693e-01,7.719066532784170098e-01,7.613481506136958732e-01,8.597240048493935971e-01,9.054894339591058383e+01,3.957904921951480759e+01,1.843204318379749740e+00,1.939527973825625651e+01,7.549328866492068357e+01,2.921988210688640208e+01,2.433209802186019033e+01,2.089942449507058697e+01,1.405720745101433238e+02
5.568627450980392357e-01,7.736044041201752819e-01,7.634689491291130059e-01,8.613181027214769081e-01,9.119270975155224335e+01,3.985748141847093251e+01,1.846895192680215514e+00,1.953325170268306366e+01,7.602643178192933249e+01,2.940472500582757220e+01,2.448987742110569599e+01,2.104537708605192492e+01,1.414887578836644479e+02
5.607843137254902022e-01,7.752932425464668098e-01,7.655043526439707646e-01,8.630699564493988785e-01,9.183826547466495072e+01,4.013591361742705033e+01,1.850906548894565518e+00,1.967012751279120408e+01,7.655957489893798140e+01,2.958690406370513770e+01,2.464769817471635704e+01,2.119132967703326642e+01,1.424037706207168981e+02
5.647058823529411686e-01,7.767935595075442512e-01,7.674202493580231099e-01,8.661689880736157532e-01,9.248498693253786485e+01,4.041434581638317525e+01,1.854596538069486211e+00,1.980546929988915394e+01,7.709271801594661611e+01,2.976535518527166602e+01,2.480587207963386120e+01,2.133728226801460792e+01,1.433045167271493199e+02
5.686274509803921351e-01,7.778599408170199236e-01,7.693301442518311051e-01,8.692680196978325169e-01,9.313439165977840162e+01,4.069277801533930017e+01,1.857546809804274446e+00,1.994088501496148780e+01,7.762586113295526502e+01,2.994500601196293132e+01,2.496404598455136181e+01,2.148323485899594587e+01,1.442052628335817133e+02
5.725490196078431016e-01,7.789263221264954851e-01,7.712298155569314861e-01,8.718681282949509725e-01,9.378379638701892418e+01,4.097121021429541798e+01,1.860497081539062458e+00,2.007642666003059873e+01,7.815900424996391394e+01,3.012670043397458031e+01,2.512531990390476011e+01,2.162918744997728737e+01,1.451218599642652691e+02
5.764705882352940680e-01,7.799927034359710465e-01,7.731594964449334251e-01,8.740979422964630929e-01,9.443320111425946095e+01,4.124964241325154291e+01,1.863447353273850471e+00,2.021280810069992739e+01,7.869214736697256285e+01,3.030883406233325061e+01,2.528889461622534540e+01,2.177514004095862532e+01,1.460502215321389201e+02
5.803921568627450345e-01,7.816021418247277586e-01,7.751573788775425466e-01,8.758272951005309226e-01,9.508067894674090326e+01,4.152807461220766072e+01,1.865591460417582281e+00,2.035109811028463866e+01,7.922529048398119755e+01,3.049196585688992300e+01,2.544825395229779730e+01,2.192109263193996682e+01,1.469663058045443904e+02
5.843137254901961120e-01,7.835368417850567813e-01,7.770601469276889883e-01,8.774432671776025705e-01,9.572700267435658361e+01,4.180650681116378564e+01,1.867252718940354939e+00,2.048907771366768671e+01,7.975843360098984647e+01,3.067525305248103962e+01,2.560665828441386793e+01,2.206704522292130832e+01,1.478796086251752797e+02
5.882352941176470784e-01,7.850505839846453338e-01,7.787804847031634115e-01,8.788749117315600712e-01,9.637516618883967112e+01,4.208493901011990346e+01,1.868818963953074785e+00,2.062646195505433511e+01,8.029157671799849538e+01,3.085883830870886158e+01,2.576080454191130542e+01,2.221299781390264627e+01,1.487769239650193072e+02
5.921568627450980449e-01,7.862818675269078739e-01,7.804989786982352573e-01,8.800164708039199812e-01,9.702456418282834250e+01,4.236337120907602838e+01,1.870321455803410249e+00,2.076354332458737417e+01,8.082471983500714430e+01,3.104172874833762918e+01,2.590824965350521580e+01,2.235895040488398777e+01,1.496490790033238625e+02
5.960784313725490113e-01,7.875131510691705250e-01,7.821901266968857014e-01,8.811580298762798913e-01,9.767396217681701387e+01,4.264180340803215330e+01,1.871823947653745934e+00,2.089613265558213229e+01,8.135786295201579321e+01,3.121431402787033704e+01,2.605569476509912263e+01,2.250490299586532572e+01,1.505212340416283894e+02
5.999999999999999778e-01,7.891839508447691109e-01,7.838812746955362565e-01,8.822995889486398013e-01,9.831821033120772313e+01,4.292023560698827112e+01,1.878194421192954211e+00,2.102872198657688330e+01,8.189100606902442792e+01,3.138689930740304135e+01,2.620313987669303302e+01,2.265085558684666722e+01,1.513933890799329447e+02
6.039215686274509443e-01,7.914781416027587557e-01,7.860955565157577984e-01,8.847008638487825483e-01,9.895515417389704282e+01,4.319866780594439604e+01,1.891469431259183320e+00,2.116601986785242318e+01,8.242414918603307683e+01,3.156992959521798880e+01,2.636186827584270631e+01,2.279680817782800872e+01,1.522898379513569580e+02
6.078431372549019107e-01,7.941016543689688456e-01,7.884900718142242582e-01,8.868813292348113331e-01,9.959007362885840564e+01,4.347710000490051385e+01,1.904202931250401631e+00,2.130471201267675241e+01,8.295729230304172575e+01,3.175608304642819490e+01,2.651917062174612738e+01,2.294276076880934667e+01,1.531922458506426210e+02
6.117647058823529882e-01,7.980193171404613706e-01,7.908887972048761483e-01,8.885618273643046683e-01,1.002080280770282315e+02,4.375553220385663877e+01,1.926748019860692107e+00,2.144152379953663612e+01,8.349043542005037466e+01,3.193831991856635000e+01,2.667297097917732174e+01,2.308871335979068817e+01,1.541030899583500684e+02
6.156862745098039547e-01,8.013096280723110976e-01,7.931323768336543401e-01,8.902394477850191779e-01,1.008323481899255825e+02,4.403396440281275659e+01,1.945011444965196734e+00,2.157830734235046322e+01,8.402357853705900936e+01,3.211800381154198902e+01,2.682680174397435025e+01,2.323466595077202612e+01,1.550137248634448497e+02
6.196078431372549211e-01,8.031544111487177728e-01,7.952019563029074645e-01,8.918153774518635668e-01,1.014758494374270157e+02,4.431239660176888151e+01,1.951196186968290558e+00,2.171505920870429662e+01,8.455672165406765828e+01,3.229482446947869079e+01,2.698170702610212501e+01,2.338061854175336762e+01,1.559169670915773906e+02
6.235294117647058876e-01,8.078864500693881956e-01,7.972209651597288449e-01,8.933913071187079558e-01,1.020816152029012756e+02,4.459082880072499933e+01,1.976185912932628019e+00,2.185311599151792805e+01,8.508986477107630719e+01,3.247154259059318093e+01,2.713661230822989623e+01,2.352657113273470912e+01,1.568202093197099316e+02
6.274509803921568540e-01,8.097887811565220861e-01,7.992028239724572325e-01,8.949870082852190434e-01,1.027284184282086841e+02,4.486926099968112425e+01,1.980470925696457885e+00,2.199213138846905125e+01,8.562300788808495611e+01,3.264818538638961343e+01,2.729132809870176857e+01,2.367252372371604707e+01,1.577147005536720314e+02
6.313725490196078205e-01,8.116911122436560877e-01,8.012287455174565975e-01,8.965996127044792985e-01,1.033752216535160784e+02,4.514769319863724917e+01,1.984755938460287972e+00,2.213110329623587447e+01,8.615615100509360502e+01,3.282443905717143906e+01,2.744588188702876153e+01,2.381847631469738857e+01,1.586017102981789719e+02
6.352941176470587870e-01,8.136448835802672086e-01,8.032843169858900900e-01,8.984237608634945138e-01,1.040157387541743645e+02,4.542612539759336698e+01,1.989345140158994107e+00,2.227004594002113791e+01,8.668929412210223973e+01,3.300043088475165121e+01,2.760360241675953574e+01,2.396442890567872652e+01,1.594975042417328837e+02
6.392156862745097534e-01,8.156007250200185688e-01,8.052767865367816968e-01,9.019770313577502030e-01,1.046560028831517712e+02,4.570455759654949190e+01,1.993946583292679486e+00,2.240842374251701941e+01,8.722243723911088864e+01,3.317613926989295692e+01,2.778726022423957787e+01,2.411038149666006802e+01,1.604652921562702659e+02
6.431372549019607199e-01,8.178128627140310858e-01,8.072409043719479538e-01,9.032043390222189716e-01,1.052984498486148937e+02,4.598298979550560972e+01,1.996438796745689137e+00,2.254654776160519702e+01,8.775558035611953756e+01,3.335172030423787248e+01,2.794004046575927447e+01,2.425633408764140952e+01,1.613509145747259765e+02
6.470588235294117974e-01,8.201503081060352862e-01,8.086664872777800106e-01,9.044316466866876292e-01,1.059402653600289170e+02,4.626142199446173464e+01,1.999865362979580841e+00,2.268227682372046061e+01,8.828872347312818647e+01,3.351747515403602762e+01,2.809282070727897107e+01,2.440228667862274747e+01,1.622365369931816872e+02
6.509803921568627638e-01,8.229631346651558044e-01,8.098539271286222530e-01,9.056589543511562868e-01,1.065790201857165869e+02,4.653985419341785246e+01,2.007606236241727071e+00,2.281694682292441811e+01,8.882186659013682117e+01,3.367888481194522399e+01,2.824560094879866767e+01,2.454823926960408897e+01,1.631221594116374263e+02
6.549019607843137303e-01,8.249190689285480493e-01,8.110413669794644953e-01,9.069887208141328427e-01,1.072253449214414900e+02,4.681828639237397738e+01,2.010207218592230838e+00,2.295161682212837917e+01,8.935500970714547009e+01,3.384029446985442746e+01,2.839699716616182101e+01,2.469419186058542692e+01,1.640032717660334640e+02
6.588235294117646967e-01,8.266590104027388142e-01,8.125174620521268265e-01,9.083412873012395305e-01,1.078735777685954247e+02,4.709671859133009519e+01,2.011512612944416301e+00,2.308717644983913075e+01,8.988815282415411900e+01,3.400599385390335527e+01,2.854808539841656767e+01,2.484014445156676842e+01,1.648833805016980421e+02
6.627450980392156632e-01,8.287073157889593977e-01,8.144434496586976380e-01,9.096938537883461073e-01,1.085177525123901177e+02,4.737515079028622011e+01,2.013347583939448793e+00,2.322412263560565648e+01,9.042129594116276792e+01,3.417837912345475360e+01,2.869917363067131788e+01,2.498609704254810993e+01,1.657634892373626201e+02
6.666666666666666297e-01,8.310132396458511650e-01,8.161848041617904004e-01,9.113156083396631857e-01,1.091585369684745785e+02,4.765358298924234504e+01,2.015624982597094217e+00,2.336132511652014543e+01,9.095443905817140262e+01,3.434709366011866649e+01,2.885244494338431309e+01,2.513204963352944787e+01,1.666297044366061186e+02
6.705882352941175961e-01,8.330701189849347710e-01,8.175902700241398646e-01,9.129612091393048967e-01,1.098019675688111079e+02,4.793201518819846285e+01,2.019975845602598241e+00,2.349899385525763051e+01,9.148758217518005154e+01,3.450913031802260633e+01,2.900590964609353151e+01,2.527800222451078938e+01,1.674946888653822725e+02
6.745098039215686736e-01,8.350810292682517844e-01,8.189957358864894399e-01,9.144559937740673883e-01,1.104458865989021490e+02,4.821044738715458777e+01,2.024709432143137811e+00,2.363666259399511560e+01,9.202072529218870045e+01,3.467116697592653907e+01,2.915827836908777115e+01,2.542395481549212732e+01,1.683596064054237047e+02
6.784313725490196401e-01,8.368366182609184856e-01,8.213488107645658953e-01,9.158199905321197098e-01,1.110921655554036391e+02,4.848887958611070559e+01,2.026451262882201565e+00,2.377739785316549614e+01,9.255386840919734937e+01,3.484522684522590907e+01,2.930969665775719335e+01,2.556990740647346882e+01,1.692244659395107362e+02
6.823529411764706065e-01,8.385619450792491936e-01,8.241166224445374278e-01,9.171839872901721424e-01,1.117387242242012633e+02,4.876731178506683051e+01,2.027838493206216786e+00,2.391900029491208812e+01,9.308701152620599828e+01,3.502508669021734988e+01,2.946111494642661555e+01,2.571585999745481033e+01,1.700893254735977678e+02
6.862745098039215730e-01,8.401597783480035941e-01,8.261209252462127228e-01,9.185005020457754910e-01,1.123815370199085066e+02,4.904574398402294833e+01,2.031957958453772584e+00,2.405698584354657044e+01,9.362015464321463298e+01,3.519655707059445149e+01,2.961220350842109994e+01,2.586181258843614827e+01,1.709571666319202166e+02
6.901960784313725394e-01,8.416798317513943806e-01,8.294165418861980665e-01,9.197926112646280794e-01,1.130220645744753085e+02,4.932417618297907325e+01,2.037744275594629784e+00,2.420324274747654769e+01,9.415329776022328190e+01,3.539023233892663001e+01,2.976312259238038038e+01,2.600776517941748978e+01,1.718265403317552682e+02
6.941176470588235059e-01,8.432212013649925675e-01,8.328231700290977813e-01,9.210847204834806679e-01,1.136625622546016956e+02,4.960260838193519817e+01,2.043513313100009832e+00,2.435225663793863404e+01,9.468644087723193081e+01,3.558607551476465147e+01,2.991404167633965372e+01,2.615371777039882772e+01,1.726959140315902914e+02
6.980392156862744724e-01,8.452586050330214151e-01,8.350037840703729008e-01,9.221793871403024534e-01,1.143023647483109784e+02,4.988104058089131598e+01,2.048880248751376421e+00,2.449444700467082825e+01,9.521958399424057973e+01,3.576096700567827469e+01,3.005725334728213127e+01,2.629967036138016923e+01,1.735305142726838881e+02
7.019607843137254388e-01,8.472917820094089114e-01,8.375566764604546188e-01,9.231558360721824341e-01,1.149418531023410708e+02,5.015947277984744090e+01,2.054424937494958137e+00,2.462783875724233340e+01,9.575272711124921443e+01,3.593466589920216592e+01,3.019585024407124862e+01,2.644562295236151073e+01,1.743442940830735495e+02
7.058823529411764053e-01,8.492928786984038636e-01,8.398134605024150101e-01,9.241322850040624148e-01,1.155789571586638118e+02,5.043790497880355872e+01,2.061318759500899045e+00,2.476272206016816568e+01,9.628587022825786335e+01,3.610644267914564409e+01,3.033444714086036598e+01,2.659157554334284868e+01,1.751580738934631825e+02
7.098039215686274828e-01,8.512099488348041643e-01,8.414539779426994937e-01,9.251087339359423956e-01,1.162174869607847683e+02,5.071633717775968364e+01,2.067628668630107303e+00,2.490256454586663182e+01,9.681901334526651226e+01,3.627518609481769829e+01,3.047304403764948333e+01,2.673752813432419018e+01,1.759718537038528439e+02
7.137254901960784492e-01,8.526748393756024003e-01,8.430944953829839772e-01,9.262928981871286771e-01,1.168636892561659977e+02,5.099476937671580146e+01,2.070796315220692296e+00,2.504240703156510151e+01,9.735215646227516118e+01,3.644392951048975249e+01,3.061728001216069472e+01,2.688348072530552813e+01,1.768006056627692431e+02
7.176470588235294157e-01,8.541397299164005252e-01,8.446100286027791171e-01,9.276102343543024542e-01,1.175098915515472413e+02,5.127320157567192638e+01,2.073963961811277734e+00,2.517783838937596030e+01,9.788529957928381009e+01,3.660091318513168801e+01,3.076513135210168315e+01,2.702943331628686963e+01,1.776389566715410808e+02
7.215686274509803821e-01,8.558818599688980955e-01,8.461222169697172335e-01,9.289275705214762313e-01,1.181511228927420092e+02,5.155163377462805130e+01,2.079812292252622541e+00,2.531315169569471735e+01,9.841844269629244479e+01,3.675758214321798789e+01,3.091298269204266802e+01,2.717538590726821113e+01,1.784773076803129186e+02
7.254901960784313486e-01,8.579247337836708454e-01,8.475702506665963032e-01,9.302155872842755580e-01,1.187869618443203734e+02,5.183006597358416911e+01,2.088568573807450424e+00,2.544903587107999243e+01,9.895158581330109371e+01,3.691202963091514277e+01,3.106000957726756084e+01,2.732133849824954908e+01,1.793128863218490210e+02
7.294117647058823151e-01,8.598632090693552055e-01,8.489138896726490247e-01,9.314865645923577908e-01,1.194272720912808978e+02,5.210849817254029404e+01,2.094975769203023752e+00,2.558584898429077015e+01,9.948472893030974262e+01,3.706286226541081419e+01,3.120655731705615565e+01,2.746729108923089058e+01,1.801468537565075962e+02
7.333333333333332815e-01,8.617196681584047280e-01,8.502575286787018571e-01,9.327575419004399127e-01,1.200710950183957522e+02,5.238693037149641185e+01,2.099537506486960137e+00,2.572266209750154786e+01,1.000178720473183915e+02,3.721369489990647850e+01,3.135310505684474336e+01,2.761324368021222853e+01,1.809808211911661431e+02
7.372549019607843590e-01,8.634592475245909116e-01,8.518809839684110541e-01,9.339721714470834435e-01,1.207158286928985120e+02,5.266536257045253677e+01,2.102984187082530987e+00,2.586028288110326301e+01,1.005510151643270262e+02,3.737114778279746474e+01,3.149666653869386579e+01,2.775919627119357003e+01,1.818095452604914897e+02
7.411764705882353255e-01,8.650546057742423134e-01,8.538302719673073193e-01,9.351401306578397410e-01,1.213616861637445794e+02,5.294379476940865459e+01,2.105054968448914376e+00,2.599884415833234286e+01,1.010841582813356752e+02,3.753630962901950596e+01,3.163775463637434271e+01,2.790514886217491153e+01,1.826339264843331307e+02
7.450980392156862919e-01,8.666499640238937152e-01,8.556718697281538999e-01,9.363080898685960385e-01,1.220075436345906610e+02,5.322222696836477951e+01,2.107125749815297766e+00,2.613870963010148785e+01,1.016173013983443241e+02,3.769866389223082592e+01,3.177884273405481608e+01,2.805110145315624948e+01,1.834583077081747717e+02
7.490196078431372584e-01,8.683041293475538547e-01,8.573819605024398660e-01,9.375117611331197365e-01,1.226512423545205195e+02,5.350065916732089732e+01,2.110262024164368366e+00,2.628016773177803245e+01,1.021504445153529730e+02,3.785758964801244986e+01,3.192017620614458195e+01,2.819705404413759098e+01,1.842829472412394693e+02
7.529411764705882248e-01,8.699589168674330963e-01,8.591367872579690479e-01,9.388683288249756176e-01,1.232949182342278505e+02,5.377909136627702225e+01,2.113409571744021775e+00,2.642083097463897090e+01,1.026835876323616077e+02,3.801699891484144445e+01,3.206256021626229824e+01,2.834300663511893248e+01,1.851086926910236912e+02
7.568627450980391913e-01,8.718878619874060876e-01,8.611317806744052117e-01,9.402248965168314987e-01,1.239363968118809254e+02,5.405752356523314717e+01,2.115995083984076874e+00,2.655722699048644841e+01,1.032167307493702566e+02,3.817900392743332816e+01,3.220494422638000742e+01,2.848895922610027043e+01,1.859344381408079130e+02
7.607843137254901578e-01,8.739850544301893676e-01,8.631484546330466801e-01,9.417424912889024169e-01,1.245765269308813288e+02,5.433595576418926498e+01,2.118235681688916294e+00,2.669517703746750570e+01,1.037498738663789055e+02,3.834169709608239174e+01,3.235138907539690933e+01,2.863491181708161193e+01,1.867713584692980078e+02
7.647058823529411242e-01,8.756732128591687703e-01,8.652567706925468061e-01,9.436384357104207199e-01,1.252210994223186589e+02,5.461438796314538990e+01,2.119426529989379304e+00,2.683969586287359022e+01,1.042830169833875544e+02,3.850729905115395724e+01,3.250737528212778926e+01,2.878086440806294988e+01,1.876345353220655170e+02
7.686274509803920907e-01,8.772248700621363415e-01,8.676716177378607231e-01,9.455663959871382085e-01,1.258671544048534940e+02,5.489282016210150772e+01,2.120267060037895668e+00,2.698403240608368847e+01,1.048161601003962033e+02,3.867952110523970788e+01,3.266163223135492188e+01,2.892681699904429138e+01,1.884865769180457562e+02
7.725490196078431682e-01,8.787844407865432750e-01,8.706492272712529346e-01,9.476014524648580517e-01,1.265129193196841868e+02,5.517125236105763264e+01,2.120934540621151942e+00,2.712768853543162706e+01,1.053493032174048381e+02,3.886369069462276826e+01,3.281010464326278964e+01,2.907276959002563288e+01,1.893013699791457327e+02
7.764705882352941346e-01,8.803716735501802004e-01,8.722303689464863119e-01,9.493980874610684628e-01,1.271576702909407857e+02,5.544968456001375046e+01,2.120997119690793298e+00,2.726355743364846518e+01,1.058824463344134870e+02,3.901255790238575116e+01,3.295666676732953704e+01,2.921872218100697083e+01,1.901118936911444166e+02
7.803921568627451011e-01,8.819589063138171259e-01,8.738115106217196892e-01,9.506466302159026771e-01,1.278024212621973987e+02,5.572811675896987538e+01,2.121059698760435097e+00,2.739942633186530330e+01,1.064155894514221359e+02,3.916142511014873406e+01,3.309883745008036726e+01,2.936467477198831233e+01,1.909126028633485532e+02
7.843137254901960675e-01,8.841215455005531076e-01,8.754318676723754633e-01,9.518951729707367804e-01,1.284426732787429728e+02,5.600654895792599319e+01,2.123201212173219776e+00,2.753793579475268771e+01,1.069487325684307848e+02,3.930935767386191060e+01,3.324100813283119038e+01,2.951062736296965028e+01,1.917133120355526898e+02
7.882352941176470340e-01,8.863818492818538175e-01,8.770832423186594173e-01,9.531424490516123837e-01,1.290825033504003443e+02,5.628498115688211811e+01,2.125789215976968904e+00,2.767853382535868079e+01,1.074818756854394195e+02,3.945655097622974949e+01,3.338347877435801792e+01,2.965657995395099178e+01,1.925113028972633060e+02
7.921568627450980005e-01,8.876464507602206400e-01,8.787259355971324126e-01,9.543831834603856423e-01,1.297338022119645871e+02,5.656341335583824304e+01,2.125789215976968904e+00,2.781935256887756580e+01,1.080150188024480684e+02,3.960435206814354814e+01,3.352749853745903152e+01,2.980253254493233328e+01,1.932952551851175258e+02
7.960784313725489669e-01,8.889110522385875734e-01,8.803300342180540028e-01,9.556239178691589009e-01,1.303851010735288298e+02,5.684184555479436085e+01,2.125789215976968904e+00,2.796115253326802730e+01,1.085481619194567173e+02,3.975485520308791365e+01,3.367151830056003803e+01,2.994848513591367123e+01,1.940792074729717172e+02
8.000000000000000444e-01,8.901756537169543959e-01,8.819341328389755930e-01,9.568642425832208920e-01,1.310363999350930726e+02,5.712027775375048577e+01,2.125789215976968904e+00,2.810295249765848524e+01,1.090813050364653662e+02,3.990535833803227916e+01,3.381552727493635047e+01,3.009443772689501273e+01,1.948631309171113344e+02
8.039215686274510109e-01,8.918429749249133787e-01,8.842154802715066486e-01,9.578384461171345343e-01,1.316814929256388211e+02,5.739870995270660359e+01,2.125789215976968904e+00,2.824100830760680481e+01,1.096144481534740152e+02,4.005843815094205240e+01,3.395252832836372647e+01,3.024039031787635068e+01,1.956283186461991477e+02
8.078431372549019773e-01,8.935169072798619938e-01,8.865670912060324982e-01,9.588126496510480656e-01,1.323264840390663721e+02,5.767714215166272851e+01,2.125789215976968904e+00,2.837805664820909612e+01,1.101475912704826499e+02,4.021074501403222712e+01,3.408952938179110248e+01,3.038634290885769218e+01,1.963935063752869894e+02
8.117647058823529438e-01,8.952444878278726925e-01,8.881647271080052031e-01,9.597868531849615970e-01,1.329696682004539241e+02,5.795557435061884632e+01,2.127997394072465909e+00,2.851651219752674749e+01,1.106807343874912988e+02,4.035554315023838257e+01,3.422653043521847849e+01,3.053229549983903368e+01,1.971586941043748311e+02
8.156862745098039102e-01,8.970020989634621689e-01,8.897623630099780190e-01,9.607610567188751283e-01,1.336118408863678724e+02,5.823400654957497125e+01,2.131441641491099936e+00,2.865496774684440240e+01,1.112138775044999477e+02,4.050034128644454512e+01,3.436353148864585449e+01,3.067824809082037163e+01,1.979238818334626728e+02
8.196078431372548767e-01,8.987118770807731583e-01,8.916701796511736777e-01,9.617351813197305699e-01,1.342528207471756616e+02,5.851243874853109617e+01,2.135280865624309854e+00,2.879641314867727075e+01,1.117470206215085966e+02,4.065683463868784031e+01,3.449906976985716511e+01,3.082420068180171313e+01,1.986686073897427605e+02
8.235294117647058432e-01,9.003528018908560915e-01,8.936935799359819743e-01,9.627093039901444271e-01,1.348920835941619885e+02,5.879087094748721398e+01,2.139688639559633287e+00,2.893897266884140151e+01,1.122801637385172313e+02,4.081768601678985675e+01,3.463457227649848136e+01,3.097015327278305108e+01,1.994128325089586156e+02
8.274509803921568096e-01,9.019866776461906710e-01,8.953893287536374146e-01,9.636834266605582844e-01,1.355314288519832076e+02,5.906930314644333890e+01,2.144063551664237455e+00,2.907934687751156844e+01,1.128133068555258802e+02,4.095743641627775844e+01,3.477007478313980471e+01,3.111610586376439258e+01,2.001570576281744707e+02
8.313725490196077761e-01,9.032764752368280803e-01,8.969981999786345028e-01,9.646575493309721416e-01,1.361747967440175557e+02,5.934773534539945672e+01,2.146834413466199187e+00,2.921914164546243953e+01,1.133464499725345291e+02,4.109159183936998261e+01,3.490557728978112095e+01,3.126205845474573408e+01,2.009012827473903542e+02
8.352941176470588536e-01,9.045662728274656006e-01,8.985747626176326941e-01,9.653503314217986020e-01,1.368181646360519323e+02,5.962616754435558164e+01,2.149605275268161364e+00,2.935965181839381799e+01,1.138795930895431781e+02,4.122502959696343083e+01,3.503483518754035231e+01,3.140801104572707203e+01,2.016304155383640193e+02
8.392156862745098200e-01,9.058560704181030099e-01,9.000920958496982927e-01,9.660284254671961390e-01,1.374615325280862805e+02,5.990459974331169946e+01,2.152376137070123097e+00,2.950147350067796026e+01,1.144127362065518270e+02,4.135715170113059003e+01,3.516376707083313846e+01,3.155396363670841353e+01,2.023587603989112722e+02
8.431372549019607865e-01,9.074712102845154948e-01,9.016094290817637802e-01,9.667065195125936761e-01,1.381030745382149121e+02,6.018303194226782438e+01,2.156904743135452662e+00,2.964329518296209542e+01,1.149458793235604617e+02,4.148927380529774211e+01,3.529269895412591751e+01,3.169991622768975148e+01,2.030871052594584967e+02
8.470588235294117530e-01,9.090931176332393004e-01,9.031618135925409963e-01,9.673846135579912131e-01,1.387445785679628329e+02,6.046146414122394930e+01,2.161469912242525382e+00,2.978769340499083995e+01,1.154790224405691106e+02,4.163527725939951551e+01,3.542163083741869656e+01,3.184586881867109298e+01,2.038154501200057496e+02
8.509803921568627194e-01,9.106638737613372836e-01,9.047247604382515629e-01,9.680627076033887501e-01,1.393835979073177498e+02,6.073989634018006711e+01,2.167687309306531862e+00,2.993286804022767100e+01,1.160121655575777595e+02,4.178546371260227232e+01,3.555056272071148271e+01,3.199182140965243448e+01,2.045437949805530025e+02
8.549019607843136859e-01,9.121947238937068159e-01,9.063357007782137931e-01,9.687502042178419703e-01,1.400206787974432530e+02,6.101832853913619203e+01,2.175193703993373973e+00,3.007741469905187870e+01,1.165453086745864084e+02,4.193251405042552449e+01,3.567882764053935318e+01,3.213777400063377598e+01,2.052658573667486905e+02
8.588235294117646523e-01,9.137255619483407587e-01,9.080836987570626295e-01,9.694845469486544909e-01,1.406577601134810038e+02,6.129676073809230985e+01,2.182699687626881158e+00,3.022016801138748932e+01,1.170784517915950431e+02,4.207060841252963002e+01,3.580376956982073722e+01,3.228372659161511393e+01,2.059566187837353368e+02
8.627450980392157298e-01,9.150358561517646372e-01,9.098323995675232645e-01,9.702188896794670114e-01,1.413026187429904041e+02,6.157519293704843477e+01,2.182699687626881158e+00,3.036295021416432860e+01,1.176115949086036920e+02,4.220875648855567874e+01,3.592871149910212125e+01,3.242967918259645188e+01,2.066473802007220115e+02
8.666666666666666963e-01,9.163461503551884046e-01,9.116246294397085670e-01,9.709532324102795320e-01,1.419474773724998045e+02,6.185362513600455259e+01,2.182699687626881158e+00,3.050752171295262372e+01,1.181447380256123409e+02,4.235023127411525223e+01,3.605365342838349818e+01,3.257563177357778983e+01,2.073381416177086578e+02
8.705882352941176627e-01,9.176573330866016898e-01,9.134168593118939805e-01,9.716875751410921636e-01,1.425923324819274853e+02,6.213205733496067751e+01,2.182707836699244286e+00,3.065209321174091883e+01,1.186778811426209899e+02,4.249170605967482572e+01,3.617859535766488932e+01,3.272158436455913488e+01,2.080289030346953325e+02
8.745098039215686292e-01,9.190916701128768462e-01,9.163234108049804760e-01,9.724219178719046841e-01,1.432366996909339605e+02,6.241048953391679532e+01,2.183845486780639167e+00,3.080012665150115936e+01,1.192110242596296246e+02,4.266867783937220793e+01,3.630353728694626625e+01,3.286753695554047283e+01,2.087196644516819788e+02
8.784313725490195957e-01,9.205260071391521137e-01,9.190445946805402277e-01,9.731376031996815668e-01,1.438810668999404356e+02,6.268892173287292024e+01,2.184983136862034048e+00,3.094596767521656488e+01,1.197441673766382735e+02,4.283731294888972485e+01,3.642299597233300545e+01,3.301348954652181078e+01,2.093792711752674336e+02
8.823529411764705621e-01,9.219294535451738604e-01,9.214614897458600629e-01,9.738493833426405955e-01,1.445257388608776239e+02,6.296735393182904517e+01,2.185810095283163168e+00,3.108968425679619330e+01,1.202773104936469224e+02,4.299448115825590833e+01,3.654130695882678026e+01,3.315944213750315583e+01,2.100323569036510776e+02
8.862745098039215286e-01,9.232506793388668420e-01,9.231205731337551734e-01,9.745611634855996241e-01,1.451712219706406586e+02,6.324578613078516298e+01,2.185810095283163168e+00,3.123116327908723022e+01,1.208104536106555713e+02,4.312108245147651786e+01,3.665961794532054796e+01,3.330539472848449378e+01,2.106854426320346931e+02
8.901960784313724950e-01,9.245719051325599347e-01,9.247445055549591286e-01,9.752729436285586528e-01,1.458167050804037501e+02,6.352421832974128790e+01,2.185810095283163168e+00,3.137253851256850368e+01,1.213435967276642202e+02,4.324626590345333454e+01,3.677792893181431566e+01,3.345134731946583173e+01,2.113385283604183087e+02
8.941176470588234615e-01,9.259318632370689972e-01,9.264456741804260043e-01,9.759847237715177926e-01,1.464621816534073844e+02,6.380265052869740572e+01,2.185810095283163168e+00,3.151549999361988696e+01,1.218767398446728549e+02,4.337079279747064220e+01,3.689623991830809047e+01,3.359729991044717679e+01,2.119916140888019527e+02
8.980392156862745390e-01,9.273800925112904991e-01,9.282124218971846696e-01,9.767033619042532200e-01,1.471076433290969305e+02,6.408108272765353775e+01,2.185810095283163168e+00,3.165980831292161213e+01,1.224098829616815038e+02,4.349476222656880964e+01,3.701387557673687922e+01,3.374325250142851473e+01,2.126347377955874833e+02
9.019607843137255054e-01,9.288283217855120011e-01,9.299210598256889559e-01,9.774367491395625773e-01,1.477531050047865051e+02,6.435951492660966267e+01,2.185810095283163168e+00,3.180362950860324034e+01,1.229430260786901528e+02,4.361557849447500246e+01,3.713005884412600466e+01,3.388920509240985268e+01,2.132564367287610025e+02
9.058823529411764719e-01,9.303055658889848312e-01,9.315068691433232573e-01,9.781701363748720457e-01,1.483999504716528861e+02,6.463794712556577338e+01,2.185810095283163168e+00,3.194642105473054983e+01,1.234761691956988017e+02,4.372972981968060679e+01,3.724624211151513009e+01,3.403515768339119063e+01,2.138781356619345217e+02
9.098039215686274384e-01,9.318023853437999993e-01,9.330926784609575586e-01,9.789035236101814030e-01,1.490477295369298076e+02,6.491637932452189830e+01,2.185810095283163168e+00,3.208921260085784866e+01,1.240093123127074364e+02,4.384388114488620403e+01,3.736242537890426263e+01,3.418111027437253568e+01,2.144998345951080694e+02
9.137254901960784048e-01,9.332992047986150563e-01,9.348711944107891414e-01,9.796369108454908714e-01,1.496955086022067576e+02,6.519481152347802322e+01,2.185810095283163168e+00,3.223473597091116005e+01,1.245424554297160853e+02,4.396512418860667992e+01,3.747860864629339517e+01,3.432706286535387363e+01,2.151215335282815886e+02
9.176470588235293713e-01,9.348493919818967601e-01,9.366841865429959002e-01,9.803702980808002287e-01,1.503404800216783030e+02,6.547324372243414814e+01,2.185810095283163168e+00,3.238074807795715060e+01,1.250755985467247342e+02,4.408763597631424602e+01,3.759479191368252060e+01,3.447301545633521158e+01,2.157432324614551078e+02
9.215686274509803377e-01,9.364008243786057228e-01,9.384634157050903980e-01,9.810683500098618115e-01,1.509853859311804740e+02,6.575167592139027306e+01,2.185810095283163168e+00,3.252382569849942939e+01,1.256087416637333831e+02,4.420139314023162314e+01,3.769541697984595885e+01,3.461896804731655664e+01,2.162805295843163265e+02
9.254901960784314152e-01,9.379702550082885670e-01,9.402271337919390071e-01,9.817653164071351579e-01,1.516313979199176458e+02,6.603010812034638377e+01,2.185810095283163168e+00,3.266555518406379832e+01,1.261418847807420320e+02,4.431112833487595282e+01,3.779556408433908388e+01,3.476492063829789458e+01,2.168152338090879994e+02
9.294117647058823817e-01,9.395617287743799340e-01,9.419607512720571396e-01,9.824622828044086154e-01,1.522787645669422147e+02,6.630854031930250869e+01,2.185810095283163168e+00,3.280936231611390497e+01,1.266750278977506667e+02,4.441425943240526664e+01,3.789571118883220180e+01,3.491087322927923253e+01,2.173499380338596438e+02
9.333333333333333481e-01,9.411532025404713009e-01,9.436592800119358859e-01,9.831592492016820728e-01,1.529261312139667837e+02,6.658697251825863361e+01,2.185810095283163168e+00,3.295559139262846315e+01,1.272081710147593157e+02,4.450969203235077742e+01,3.799585829332532683e+01,3.505682582026057759e+01,2.178846422586313452e+02
9.372549019607843146e-01,9.433668263655784481e-01,9.454575803898412900e-01,9.838562155989555302e-01,1.535623166960527897e+02,6.686540471721475853e+01,2.185933711503702082e+00,3.310183452456386277e+01,1.277413141317679646e+02,4.460556776616698471e+01,3.809600539781844475e+01,3.520277841124191553e+01,2.184193464834030181e+02
9.411764705882352811e-01,9.459694782838374838e-01,9.478084758280590494e-01,9.845688705632884563e-01,1.541934558615843400e+02,6.714383691617088346e+01,2.186982295998626480e+00,3.324815550383421225e+01,1.282744572487765993e+02,4.470389784064391847e+01,3.818937800374698099e+01,3.534873100222325348e+01,2.189025413468883414e+02
9.450980392156862475e-01,9.495349893722890844e-01,9.501621162879065885e-01,9.853115003849681752e-01,1.548136573788659973e+02,6.742226911512699417e+01,2.190310479862426440e+00,3.339513743273059987e+01,1.288076003657852482e+02,4.480407386552194993e+01,3.826980713132596890e+01,3.549468359320459143e+01,2.192873215017053212e+02
9.490196078431372140e-01,9.518168459640913293e-01,9.525186736544649646e-01,9.860541302066480052e-01,1.554552729587263968e+02,6.770070131408311909e+01,2.190310479862426440e+00,3.354282169795065016e+01,1.293407434827938971e+02,4.490621142871890470e+01,3.835023625890496390e+01,3.564063618418593649e+01,2.196721016565223010e+02
9.529411764705881804e-01,9.542999514016482498e-01,9.550550924944021247e-01,9.867967600283277241e-01,1.560964259428901073e+02,6.797913351303924401e+01,2.190310479862426440e+00,3.369163631313098506e+01,1.298738865998025176e+02,4.500478528263895583e+01,3.843066538648395181e+01,3.578658877516727443e+01,2.200568818113392524e+02
9.568627450980391469e-01,9.569758615284706949e-01,9.577029234849206984e-01,9.875393898500074430e-01,1.567373178038947117e+02,6.825756571199536893e+01,2.190310479862426440e+00,3.384158579252784449e+01,1.304070297168111665e+02,4.509729326919509873e+01,3.851109451406293971e+01,3.593254136614861238e+01,2.204416619661562322e+02
9.607843137254902244e-01,9.595926152892435557e-01,9.605204930241431072e-01,9.882926105072279421e-01,1.573823752849247626e+02,6.853599791095147964e+01,2.190310479862426440e+00,3.399362505826155001e+01,1.309401728338198154e+02,4.517735725871757779e+01,3.859134548017749466e+01,3.607849395712995744e+01,2.208245680806108453e+02
9.647058823529411908e-01,9.621421821189860557e-01,9.646852624014893296e-01,9.892035651453938705e-01,1.580313251770668330e+02,6.881443010990760456e+01,2.190310479862426440e+00,3.414482405768684714e+01,1.314733159508284643e+02,4.526823110621434409e+01,3.866894300908870719e+01,3.622444654811129539e+01,2.211795632860848855e+02
9.686274509803921573e-01,9.646355640699609824e-01,9.688639173651057979e-01,9.901145197835599099e-01,1.586835300868601735e+02,6.909286230886372948e+01,2.190310479862426440e+00,3.430001322224217120e+01,1.320064590678371133e+02,4.540291004015838183e+01,3.874654053799992681e+01,3.637039913909263333e+01,2.215345584915589257e+02
9.725490196078431238e-01,9.664970760412466833e-01,9.730770635049741379e-01,9.910254744217258382e-01,1.593378719716426986e+02,6.937129450781985440e+01,2.190310479862426440e+00,3.444835851480755196e+01,1.325396021848457622e+02,4.548887029103446622e+01,3.882413806691114644e+01,3.651635173007397839e+01,2.218895536970329658e+02
9.764705882352940902e-01,9.683402508913806495e-01,9.764383059498018547e-01,9.919364290598918776e-01,1.599922758722996150e+02,6.964972670677597932e+01,2.190310479862426440e+00,3.460113643000181582e+01,1.330727453018544111e+02,4.556071054594180936e+01,3.890173559582235896e+01,3.666230432105531634e+01,2.222445489025070060e+02
9.803921568627450567e-01,9.708269547407283317e-01,9.798430252010938979e-01,9.930539334260169992e-01,1.606380840942367456e+02,6.992815890573209003e+01,2.190310479862426440e+00,3.475616500620124327e+01,1.336058884188630600e+02,4.564583575236409274e+01,3.897461112175109577e+01,3.680825691203665428e+01,2.225616303029596281e+02
9.843137254901960231e-01,9.736774457359516077e-01,9.830779357536605367e-01,9.942373742673745740e-01,1.612823895555303295e+02,7.020659110468821495e+01,2.190310479862426440e+00,3.490939178634613427e+01,1.341390315358717089e+02,4.571948667159119140e+01,3.904597925168479122e+01,3.695420950301799223e+01,2.228666085518348154e+02
9.882352941176471006e-01,9.771456562475142604e-01,9.858655890744000283e-01,9.954208151087322598e-01,1.619261078478839693e+02,7.048502330364433988e+01,2.190310479862426440e+00,3.506066609828027225e+01,1.346721746528803294e+02,4.575556025320304343e+01,3.911734738161849378e+01,3.710016209399933729e+01,2.231715868007100028e+02
9.921568627450980671e-01,9.813458815393386603e-01,9.884698196123861136e-01,9.967912784373057500e-01,1.625678099778381522e+02,7.076345550260046480e+01,2.190310479862426440e+00,3.521127949938711055e+01,1.352053177698889783e+02,4.577194195411856015e+01,3.918183861819404967e+01,3.724611468498067524e+01,2.234336962515909306e+02
9.960784313725490335e-01,9.868383589032385661e-01,9.922773535202606965e-01,9.983956392186528195e-01,1.632045521882853336e+02,7.104188770155657551e+01,2.190310479862426440e+00,3.536697129586668353e+01,1.357384608868976272e+02,4.582611450510114537e+01,3.923772934975328042e+01,3.739206727596201318e+01,2.236421923493206521e+02
1.000000000000000000e+00,1.000000000000000000e+00,1.000000000000000000e+00,1.000000000000000000e+00,1.638440696546717277e+02,7.132031990051270043e+01,2.190310479862426440e+00,3.551696398380277486e+01,1.362716040039062761e+02,4.587623104521136952e+01,3.929362008131251116e+01,3.753801986694335824e+01,2.238506884470503735e+02
