R,G,B,X,Y,Z
0.000000000000000000e+00,0.000000000000000000e+00,0.000000000000000000e+00,3.014351756914644964e-01,3.201091667016347508e-01,4.467116987415855056e-01
0.000000000000000000e+00,0.000000000000000000e+00,3.921568627450980338e-03,3.014351756914644964e-01,3.201091667016347508e-01,4.467116987415855056e-01
0.000000000000000000e+00,0.000000000000000000e+00,7.843137254901960675e-03,3.014351756914644964e-01,3.201091667016347508e-01,4.467116987415855056e-01
0.000000000000000000e+00,0.000000000000000000e+00,1.176470588235294101e-02,3.014351756914644964e-01,3.201091667016347508e-01,4.467116987415855056e-01
0.000000000000000000e+00,0.000000000000000000e+00,1.568627450980392135e-02,3.014351756914644964e-01,3.201091667016347508e-01,4.467116987415855056e-01
0.000000000000000000e+00,0.000000000000000000e+00,1.960784313725490169e-02,3.014351756914644964e-01,3.201091667016347508e-01,4.608270830207153446e-01
0.000000000000000000e+00,0.000000000000000000e+00,2.352941176470588203e-02,3.014351756914644964e-01,3.201091667016347508e-01,4.845624260659785465e-01
0.000000000000000000e+00,0.000000000000000000e+00,2.745098039215686236e-02,3.020976659511713791e-01,3.201091667016347508e-01,5.152916494470521913e-01
0.000000000000000000e+00,0.000000000000000000e+00,3.137254901960784270e-02,3.020976659511713791e-01,3.201091667016347508e-01,5.324573267625769546e-01
0.000000000000000000e+00,0.000000000000000000e+00,3.529411764705882304e-02,3.274963598369988182e-01,3.351918679475783813e-01,5.724025897701845444e-01
0.000000000000000000e+00,0.000000000000000000e+00,3.921568627450980338e-02,3.281093121423908077e-01,3.351918679475783813e-01,5.939101525069869769e-01
0.000000000000000000e+00,0.000000000000000000e+00,4.313725490196078372e-02,3.335373038474992446e-01,3.407578858733177340e-01,6.334519583537521203e-01
0.000000000000000000e+00,0.000000000000000000e+00,4.705882352941176405e-02,3.415126616633464840e-01,3.485933426022529424e-01,6.739557822134000231e-01
0.000000000000000000e+00,0.000000000000000000e+00,5.098039215686274439e-02,3.526215219259151712e-01,3.576606375972429808e-01,7.270588981222136926e-01
0.000000000000000000e+00,0.000000000000000000e+00,5.882352941176470507e-02,3.614764045922275182e-01,3.649547381202379870e-01,7.767624679420839229e-01
0.000000000000000000e+00,0.000000000000000000e+00,6.274509803921568540e-02,3.744388829613962688e-01,3.775794250766436044e-01,8.445657956410834721e-01
0.000000000000000000e+00,0.000000000000000000e+00,6.666666666666666574e-02,3.942738805577967742e-01,3.952672658363978186e-01,9.027169317105203650e-01
0.000000000000000000e+00,0.000000000000000000e+00,7.058823529411764608e-02,4.176871495001936996e-01,4.139736876885096728e-01,9.645593595506072315e-01
0.000000000000000000e+00,0.000000000000000000e+00,7.450980392156862642e-02,4.481446517030469590e-01,4.382550464073817209e-01,1.042875234372219406e+00
0.000000000000000000e+00,0.000000000000000000e+00,7.843137254901960675e-02,4.713064573384261324e-01,4.553920982281367547e-01,1.123306124648943083e+00
0.000000000000000000e+00,0.000000000000000000e+00,8.627450980392156743e-02,4.809474565309596605e-01,4.627606702844302422e-01,1.203704366154643157e+00
0.000000000000000000e+00,0.000000000000000000e+00,9.019607843137254777e-02,4.911864599825619959e-01,4.700010789434115877e-01,1.275833877157487972e+00
0.000000000000000000e+00,0.000000000000000000e+00,9.411764705882352811e-02,4.988181665210186799e-01,4.755303213993709033e-01,1.357839232145095387e+00
0.000000000000000000e+00,0.000000000000000000e+00,9.803921568627450844e-02,4.989901307961990828e-01,4.760870143771172014e-01,1.435656492760699177e+00
0.000000000000000000e+00,0.000000000000000000e+00,1.019607843137254888e-01,5.049896298900413694e-01,4.805144533514976724e-01,1.509226623452374572e+00
0.000000000000000000e+00,0.000000000000000000e+00,1.098039215686274495e-01,5.289062563982432907e-01,5.002489179372787698e-01,1.601365685561252361e+00
0.000000000000000000e+00,0.000000000000000000e+00,1.137254901960784298e-01,5.436279456628947404e-01,5.116806983947753684e-01,1.725066541553551769e+00
0.000000000000000000e+00,0.000000000000000000e+00,1.176470588235294101e-01,5.705096827932507608e-01,5.335270538926124573e-01,1.876088096213790912e+00
0.000000000000000000e+00,0.000000000000000000e+00,1.294117647058823373e-01,5.953905502554808216e-01,5.557658731937409335e-01,2.028895913015309471e+00
0.000000000000000000e+00,0.000000000000000000e+00,1.333333333333333315e-01,6.311420656618748071e-01,5.844115227460862094e-01,2.266147440635549071e+00
0.000000000000000000e+00,0.000000000000000000e+00,1.372549019607843257e-01,6.671589113599889487e-01,6.132238715887070590e-01,2.480850506773474073e+00
0.000000000000000000e+00,0.000000000000000000e+00,1.490196078431372528e-01,7.132215788384419497e-01,6.507721096277236938e-01,2.711779118988320914e+00
0.000000000000000000e+00,0.000000000000000000e+00,1.529411764705882470e-01,7.361454346869070742e-01,6.673618167638779575e-01,2.901770600935106081e+00
0.000000000000000000e+00,0.000000000000000000e+00,1.568627450980392135e-01,7.733162175970674790e-01,6.933908174435297056e-01,3.144280698843272770e+00
0.000000000000000000e+00,0.000000000000000000e+00,1.607843137254901800e-01,8.098815117589016621e-01,7.231358150641123972e-01,3.293418332625693612e+00
0.000000000000000000e+00,0.000000000000000000e+00,1.647058823529411742e-01,8.406098142687258301e-01,7.465461194515228271e-01,3.477696940510597301e+00
0.000000000000000000e+00,0.000000000000000000e+00,1.686274509803921684e-01,8.750078109787708946e-01,7.723201185464859675e-01,3.759824038283448910e+00
0.000000000000000000e+00,0.000000000000000000e+00,1.725490196078431349e-01,9.270457343669514794e-01,8.149940073490142822e-01,4.024673755858211521e+00
0.000000000000000000e+00,0.000000000000000000e+00,1.843137254901960898e-01,9.765620474338855272e-01,8.571306987603505290e-01,4.336877344229328024e+00
0.000000000000000000e+00,0.000000000000000000e+00,1.882352941176470562e-01,1.018158110143379202e+00,8.915070309241612811e-01,4.598033157348917932e+00
0.000000000000000000e+00,0.000000000000000000e+00,1.921568627450980227e-01,1.064427505424632603e+00,9.283003979921340409e-01,4.935173630913347154e+00
0.000000000000000000e+00,0.000000000000000000e+00,1.960784313725490169e-01,1.108822991555468596e+00,9.664022886753081965e-01,5.101030695903374657e+00
0.000000000000000000e+00,0.000000000000000000e+00,2.000000000000000111e-01,1.155935459583285585e+00,1.005173092484474173e+00,5.365967316472358917e+00
0.000000000000000000e+00,0.000000000000000000e+00,2.039215686274509776e-01,1.197148625979622683e+00,1.036984196305275052e+00,5.580442517284034842e+00
0.000000000000000000e+00,0.000000000000000000e+00,2.117647058823529382e-01,1.249570986748742785e+00,1.078998839855194181e+00,5.901723729972183641e+00
0.000000000000000000e+00,0.000000000000000000e+00,2.156862745098039325e-01,1.313346383328037881e+00,1.130622661113739102e+00,6.251081092185621912e+00
0.000000000000000000e+00,0.000000000000000000e+00,2.235294117647058654e-01,1.374413990238877226e+00,1.178063030242920028e+00,6.640168260163629377e+00
0.000000000000000000e+00,0.000000000000000000e+00,2.274509803921568596e-01,1.427612603579794248e+00,1.219135613441467481e+00,7.008592155378909894e+00
0.000000000000000000e+00,0.000000000000000000e+00,2.313725490196078538e-01,1.475856637879721767e+00,1.258620901107788015e+00,7.248859995097273412e+00
0.000000000000000000e+00,0.000000000000000000e+00,2.352941176470588203e-01,1.539164598905803372e+00,1.308769268989562917e+00,7.624463302344073767e+00
0.000000000000000000e+00,0.000000000000000000e+00,2.392156862745097867e-01,1.598982902929549033e+00,1.357436258792877437e+00,7.963263023680982933e+00
0.000000000000000000e+00,0.000000000000000000e+00,2.470588235294117752e-01,1.669970863209547352e+00,1.413888943195343195e+00,8.306042673319836922e+00
0.000000000000000000e+00,0.000000000000000000e+00,2.509803921568627416e-01,1.776622351752048523e+00,1.499499034881591975e+00,8.845196225569029735e+00
0.000000000000000000e+00,0.000000000000000000e+00,2.549019607843137081e-01,1.891829316428908614e+00,1.593645608425140470e+00,9.561097803684116769e+00
0.000000000000000000e+00,0.000000000000000000e+00,2.705882352941176294e-01,1.994337176199335149e+00,1.678696703910827814e+00,1.015104728259771605e+01
0.000000000000000000e+00,0.000000000000000000e+00,2.784313725490196179e-01,2.103595790380844210e+00,1.771384632587432950e+00,1.081115326779153563e+01
0.000000000000000000e+00,0.000000000000000000e+00,2.823529411764705843e-01,2.186005756996983962e+00,1.840378016233444214e+00,1.134632957067409009e+01
0.000000000000000000e+00,0.000000000000000000e+00,2.862745098039215508e-01,2.310247142876426185e+00,1.947959238290786654e+00,1.219810968043241672e+01
0.000000000000000000e+00,0.000000000000000000e+00,2.901960784313725172e-01,2.367604404294301190e+00,1.997037921349207767e+00,1.247728419461553173e+01
0.000000000000000000e+00,0.000000000000000000e+00,2.941176470588235392e-01,2.485578336584945980e+00,2.095870194832484046e+00,1.324258192897535302e+01
0.000000000000000000e+00,0.000000000000000000e+00,2.980392156862745057e-01,2.530724334872843873e+00,2.129520235459009925e+00,1.349284203783098945e+01
0.000000000000000000e+00,0.000000000000000000e+00,3.019607843137254721e-01,2.601481538958018369e+00,2.187906817595163922e+00,1.385872753828549087e+01
0.000000000000000000e+00,0.000000000000000000e+00,3.058823529411764941e-01,2.611387460193579368e+00,2.192756179968516239e+00,1.385872753828549087e+01
0.000000000000000000e+00,0.000000000000000000e+00,3.098039215686274606e-01,2.683959101871695729e+00,2.247892630100250422e+00,1.422268409095908481e+01
0.000000000000000000e+00,0.000000000000000000e+00,3.176470588235293935e-01,2.702837884015442338e+00,2.260778677463531672e+00,1.425030231714171514e+01
0.000000000000000000e+00,0.000000000000000000e+00,3.215686274509803599e-01,2.792253800937786412e+00,2.335907884438832571e+00,1.470477801751362890e+01
0.000000000000000000e+00,0.000000000000000000e+00,3.254901960784313819e-01,2.885073250834048419e+00,2.410969277222951401e+00,1.526529628131097382e+01
0.000000000000000000e+00,0.000000000000000000e+00,3.333333333333333148e-01,2.975250660759435561e+00,2.484243961175282678e+00,1.587161641984658189e+01
0.000000000000000000e+00,0.000000000000000000e+00,3.411764705882353033e-01,3.086936491984394682e+00,2.577945097287495990e+00,1.663344523100278138e+01
0.000000000000000000e+00,0.000000000000000000e+00,3.450980392156862697e-01,3.187093345842086922e+00,2.659116860230763546e+00,1.724344627849166045e+01
0.000000000000000000e+00,0.000000000000000000e+00,3.490196078431372362e-01,3.277793531567915419e+00,2.732198393344878795e+00,1.782999948395391598e+01
0.000000000000000000e+00,0.000000000000000000e+00,3.568627450980392246e-01,3.375994310539144561e+00,2.814201283454895730e+00,1.839912680277372914e+01
0.000000000000000000e+00,0.000000000000000000e+00,3.607843137254901911e-01,3.478683412319845125e+00,2.899169826507568271e+00,1.901991771215843841e+01
0.000000000000000000e+00,0.000000000000000000e+00,3.647058823529411575e-01,3.583333215754087142e+00,2.984254848957061945e+00,1.958799982837996367e+01
0.000000000000000000e+00,0.000000000000000000e+00,3.725490196078431460e-01,3.707059410330367566e+00,3.087361514568328857e+00,2.031321437657304685e+01
0.000000000000000000e+00,0.000000000000000000e+00,3.843137254901960453e-01,3.899536550260009893e+00,3.248091423511505482e+00,2.154035698049430181e+01
0.000000000000000000e+00,0.000000000000000000e+00,3.882352941176470673e-01,4.020733364161727330e+00,3.347731757164001731e+00,2.226756027931076787e+01
0.000000000000000000e+00,0.000000000000000000e+00,3.921568627450980338e-01,4.134633920006967500e+00,3.441629517078399925e+00,2.289611901333105237e+01
0.000000000000000000e+00,0.000000000000000000e+00,3.960784313725490002e-01,4.467759954960943247e+00,3.729849779605865834e+00,2.506460686786120462e+01
0.000000000000000000e+00,0.000000000000000000e+00,4.000000000000000222e-01,4.593090637418860922e+00,3.834578597545624135e+00,2.586011020539057270e+01
0.000000000000000000e+00,0.000000000000000000e+00,4.039215686274509887e-01,4.671014654072759953e+00,3.895718038082122803e+00,2.624661320621851957e+01
0.000000000000000000e+00,0.000000000000000000e+00,4.078431372549019551e-01,4.806607072264911018e+00,4.006545865535736439e+00,2.705118292121103352e+01
0.000000000000000000e+00,0.000000000000000000e+00,4.235294117647058765e-01,4.957872195794760906e+00,4.127051973342895863e+00,2.787641039870374726e+01
0.000000000000000000e+00,0.000000000000000000e+00,4.274509803921568429e-01,4.957872195794760906e+00,4.127051973342895863e+00,2.787641039870374726e+01
0.000000000000000000e+00,0.000000000000000000e+00,4.313725490196078649e-01,5.044430986241314585e+00,4.189721059799194514e+00,2.818422712391588547e+01
0.000000000000000000e+00,0.000000000000000000e+00,4.352941176470588314e-01,5.181213473393584401e+00,4.304712557792663929e+00,2.891860578521567504e+01
0.000000000000000000e+00,0.000000000000000000e+00,4.470588235294117307e-01,5.306342414395796681e+00,4.408637642860412598e+00,2.966555599492104989e+01
0.000000000000000000e+00,0.000000000000000000e+00,4.509803921568627527e-01,5.407996965333509820e+00,4.490417075157165705e+00,3.021059620538172652e+01
0.000000000000000000e+00,0.000000000000000000e+00,4.549019607843137192e-01,5.594728800384711320e+00,4.643438887596130549e+00,3.130674952137142597e+01
0.000000000000000000e+00,0.000000000000000000e+00,4.627450980392157076e-01,5.739583206168844320e+00,4.761616476376850926e+00,3.216394630854293979e+01
0.000000000000000000e+00,0.000000000000000000e+00,4.705882352941176405e-01,5.925154521405755936e+00,4.912638060251872218e+00,3.327181327790208343e+01
0.000000000000000000e+00,0.000000000000000000e+00,4.784313725490195734e-01,6.130189438941002322e+00,5.079422346750895656e+00,3.443335676066658380e+01
0.000000000000000000e+00,0.000000000000000000e+00,4.862745098039215619e-01,6.329761308120662733e+00,5.247075335184733014e+00,3.564853106932042692e+01
0.000000000000000000e+00,0.000000000000000000e+00,4.901960784313725283e-01,6.486633758029125119e+00,5.380434433619181611e+00,3.653406689073055702e+01
0.000000000000000000e+00,0.000000000000000000e+00,4.941176470588235503e-01,6.716384683426539937e+00,5.575471242268880800e+00,3.793134148152527274e+01
0.000000000000000000e+00,0.000000000000000000e+00,4.980392156862745168e-01,6.927784954379186289e+00,5.753664922714234464e+00,3.932032171490493511e+01
0.000000000000000000e+00,0.000000000000000000e+00,5.019607843137254832e-01,7.080415667447976347e+00,5.885181331634520951e+00,4.019228715986895395e+01
0.000000000000000000e+00,0.000000000000000000e+00,5.058823529411764497e-01,7.167054816286124286e+00,5.954883813858033115e+00,4.063936870491056652e+01
0.000000000000000000e+00,0.000000000000000000e+00,5.137254901960783826e-01,7.313893126027674718e+00,6.076984691619873757e+00,4.151357348422828863e+01
0.000000000000000000e+00,0.000000000000000000e+00,5.176470588235293491e-01,7.416728494601521504e+00,6.161615419387818093e+00,4.210189643467725062e+01
0.000000000000000000e+00,0.000000000000000000e+00,5.215686274509804266e-01,7.490061518310774602e+00,6.223206297556559186e+00,4.240159121388208519e+01
0.000000000000000000e+00,0.000000000000000000e+00,5.294117647058823595e-01,7.633590901027538678e+00,6.343179957071940045e+00,4.328101597342269713e+01
0.000000000000000000e+00,0.000000000000000000e+00,5.333333333333333259e-01,7.821193578027106241e+00,6.500918308893838926e+00,4.441889210023750678e+01
0.000000000000000000e+00,0.000000000000000000e+00,5.372549019607842924e-01,7.978639648276804053e+00,6.632015220324197990e+00,4.534888682486073463e+01
0.000000000000000000e+00,0.000000000000000000e+00,5.411764705882352589e-01,8.269103727212124610e+00,6.884081164995829560e+00,4.714310677336044364e+01
0.000000000000000000e+00,0.000000000000000000e+00,5.450980392156862253e-01,8.388988616667180764e+00,6.981924510002136763e+00,4.783269133180218091e+01
0.000000000000000000e+00,0.000000000000000000e+00,5.490196078431373028e-01,8.536299893999940380e+00,7.105032420158385875e+00,4.869397248092732156e+01
0.000000000000000000e+00,0.000000000000000000e+00,5.529411764705882693e-01,8.665231602323995475e+00,7.214510480562845274e+00,4.948000750155647154e+01
0.000000000000000000e+00,0.000000000000000000e+00,5.568627450980392357e-01,8.869262161981865233e+00,7.385502608617146691e+00,5.071720019744915220e+01
0.000000000000000000e+00,0.000000000000000000e+00,5.607843137254902022e-01,8.869262161981865233e+00,7.385502608617146691e+00,5.071720019744915220e+01
0.000000000000000000e+00,0.000000000000000000e+00,5.647058823529411686e-01,8.993896382453391070e+00,7.487093146642049390e+00,5.139846058394169148e+01
0.000000000000000000e+00,0.000000000000000000e+00,5.686274509803921351e-01,9.100192512352737850e+00,7.577632602055867750e+00,5.201933354721855096e+01
0.000000000000000000e+00,0.000000000000000000e+00,5.725490196078431016e-01,9.295824221161730350e+00,7.742866460482280111e+00,5.313985425796180095e+01
0.000000000000000000e+00,0.000000000000000000e+00,5.803921568627450345e-01,9.355263370050078464e+00,7.788471929232279933e+00,5.342791424741987782e+01
0.000000000000000000e+00,0.000000000000000000e+00,5.843137254901961120e-01,9.518812556128429136e+00,7.929317514101664521e+00,5.443148160338739672e+01
0.000000000000000000e+00,0.000000000000000000e+00,5.882352941176470784e-01,9.702416078760007778e+00,8.083571330706279312e+00,5.552056878800311068e+01
0.000000000000000000e+00,0.000000000000000000e+00,5.921568627450980449e-01,9.865735862450287996e+00,8.219096414248149074e+00,5.650687850635796394e+01
0.000000000000000000e+00,0.000000000000000000e+00,5.960784313725490113e-01,9.975868473719874174e+00,8.309131542841594609e+00,5.714603985741177894e+01
0.000000000000000000e+00,0.000000000000000000e+00,5.999999999999999778e-01,1.013296547484119081e+01,8.440192015965779504e+00,5.804211112032835729e+01
0.000000000000000000e+00,0.000000000000000000e+00,6.039215686274509443e-01,1.027592680383156853e+01,8.560907824834188773e+00,5.883962084354828193e+01
0.000000000000000000e+00,0.000000000000000000e+00,6.078431372549019107e-01,1.044234536233869193e+01,8.700758902231852332e+00,5.979878100468532409e+01
0.000000000000000000e+00,0.000000000000000000e+00,6.117647058823529882e-01,1.063604566659413919e+01,8.866732517878213926e+00,6.093204797032108644e+01
0.000000000000000000e+00,0.000000000000000000e+00,6.196078431372549211e-01,1.090728831263692555e+01,9.102447430292766484e+00,6.258122622943939461e+01
0.000000000000000000e+00,0.000000000000000000e+00,6.235294117647058876e-01,1.107967488406960044e+01,9.248494990666706883e+00,6.356979407032412865e+01
0.000000000000000000e+00,0.000000000000000000e+00,6.274509803921568540e-01,1.127130533871130069e+01,9.409315570195516898e+00,6.473656443167134000e+01
0.000000000000000000e+00,0.000000000000000000e+00,6.313725490196078205e-01,1.149165324554185119e+01,9.597160196304320934e+00,6.602359555993241713e+01
0.000000000000000000e+00,0.000000000000000000e+00,6.352941176470587870e-01,1.173390931363138989e+01,9.799804496765137429e+00,6.740575525603821916e+01
0.000000000000000000e+00,0.000000000000000000e+00,6.470588235294117974e-01,1.192090840278608610e+01,9.955862426757812855e+00,6.837377425184214985e+01
0.000000000000000000e+00,0.000000000000000000e+00,6.549019607843137303e-01,1.222027256119590533e+01,1.021340589523315501e+01,7.012815980242363878e+01
0.000000000000000000e+00,0.000000000000000000e+00,6.627450980392156632e-01,1.262471800404756728e+01,1.056306114196777379e+01,7.250993241718371962e+01
0.000000000000000000e+00,0.000000000000000000e+00,6.666666666666666297e-01,1.286868137808322032e+01,1.077264477411906007e+01,7.391799912616826873e+01
0.000000000000000000e+00,0.000000000000000000e+00,6.705882352941175961e-01,1.307207905080183252e+01,1.094790312449137382e+01,7.512838444685102957e+01
0.000000000000000000e+00,0.000000000000000000e+00,6.745098039215686736e-01,1.339877335851721973e+01,1.123308321634928397e+01,7.716098202589502364e+01
0.000000000000000000e+00,0.000000000000000000e+00,6.784313725490196401e-01,1.364889330751446472e+01,1.144608821868896520e+01,7.862839680831122280e+01
0.000000000000000000e+00,0.000000000000000000e+00,6.862745098039215730e-01,1.376475291767562403e+01,1.154193398157755723e+01,7.927672967540271998e+01
0.000000000000000000e+00,0.000000000000000000e+00,6.941176470588235059e-01,1.402452830377472281e+01,1.176597967147827362e+01,8.085130597335530922e+01
0.000000000000000000e+00,0.000000000000000000e+00,6.980392156862744724e-01,1.426514622201417914e+01,1.197227773666381978e+01,8.220213661968496410e+01
0.000000000000000000e+00,0.000000000000000000e+00,7.019607843137254388e-01,1.435764864605005720e+01,1.204142243067423657e+01,8.263209353390310241e+01
0.000000000000000000e+00,0.000000000000000000e+00,7.058823529411764053e-01,1.452821782009286800e+01,1.218756176630656007e+01,8.362882334804956486e+01
0.000000000000000000e+00,0.000000000000000000e+00,7.098039215686274828e-01,1.473562776735500535e+01,1.236647748947143555e+01,8.482184771565292181e+01
0.000000000000000000e+00,0.000000000000000000e+00,7.137254901960784492e-01,1.489174967992214782e+01,1.250292196273803746e+01,8.568539298073665123e+01
0.000000000000000000e+00,0.000000000000000000e+00,7.176470588235294157e-01,1.510525059280671201e+01,1.268789920806884908e+01,8.697895107078342392e+01
0.000000000000000000e+00,0.000000000000000000e+00,7.215686274509803821e-01,1.530367557664242639e+01,1.286436789830525740e+01,8.819092470076839163e+01
0.000000000000000000e+00,0.000000000000000000e+00,7.254901960784313486e-01,1.566920830388414210e+01,1.318626368840535790e+01,9.037511884989069699e+01
0.000000000000000000e+00,0.000000000000000000e+00,7.294117647058823151e-01,1.595184645793420941e+01,1.343191846211751361e+01,9.201849966970462447e+01
0.000000000000000000e+00,0.000000000000000000e+00,7.411764705882353255e-01,1.665758734232727889e+01,1.408436272939046319e+01,9.628029443420551559e+01
0.000000000000000000e+00,0.000000000000000000e+00,7.450980392156862919e-01,1.694334223404044693e+01,1.433183759053548201e+01,9.792660177117372200e+01
0.000000000000000000e+00,0.000000000000000000e+00,7.490196078431372584e-01,1.729405653115068020e+01,1.463568913141886263e+01,9.993663025644799802e+01
0.000000000000000000e+00,0.000000000000000000e+00,7.529411764705882248e-01,1.746031844385282739e+01,1.477565759023030623e+01,1.008658983030108089e+02
0.000000000000000000e+00,0.000000000000000000e+00,7.607843137254901578e-01,1.777663526059568966e+01,1.506084917386372979e+01,1.027771047425096924e+02
0.000000000000000000e+00,0.000000000000000000e+00,7.647058823529411242e-01,1.808624690672316859e+01,1.534039228757222517e+01,1.045889851824190231e+02
0.000000000000000000e+00,0.000000000000000000e+00,7.686274509803920907e-01,1.836497046500334918e+01,1.558411682446797641e+01,1.061974554484675082e+02
0.000000000000000000e+00,0.000000000000000000e+00,7.725490196078431682e-01,1.864253336276409456e+01,1.582658276557922328e+01,1.078267716086747328e+02
0.000000000000000000e+00,0.000000000000000000e+00,7.764705882352941346e-01,1.897056677950134684e+01,1.611563567161559973e+01,1.097321521723613813e+02
0.000000000000000000e+00,0.000000000000000000e+00,7.843137254901960675e-01,1.920343934210889358e+01,1.629136524836222577e+01,1.109362051005861076e+02
0.000000000000000000e+00,0.000000000000000000e+00,7.882352941176470340e-01,1.920343934210889358e+01,1.629136524836222577e+01,1.109362051005861076e+02
0.000000000000000000e+00,0.000000000000000000e+00,7.921568627450980005e-01,1.945486791681203442e+01,1.648926538467407354e+01,1.122942721735686860e+02
0.000000000000000000e+00,0.000000000000000000e+00,7.960784313725489669e-01,1.973569808755720700e+01,1.674095068613688397e+01,1.139820715413430037e+02
0.000000000000000000e+00,0.000000000000000000e+00,8.000000000000000444e-01,2.003723640319217481e+01,1.701251970926920620e+01,1.157113000203757451e+02
0.000000000000000000e+00,0.000000000000000000e+00,8.039215686274510109e-01,2.027926685737775614e+01,1.722508761088053575e+01,1.170619278636978464e+02
0.000000000000000000e+00,0.000000000000000000e+00,8.078431372549019773e-01,2.055744505607681205e+01,1.747602856953938755e+01,1.187584973087462856e+02
0.000000000000000000e+00,0.000000000000000000e+00,8.117647058823529438e-01,2.081932534073290242e+01,1.771308835347493726e+01,1.203153259057241939e+02
0.000000000000000000e+00,0.000000000000000000e+00,8.156862745098039102e-01,2.106778888281883155e+01,1.793037363688151231e+01,1.216571798635784489e+02
0.000000000000000000e+00,0.000000000000000000e+00,8.196078431372548767e-01,2.128985057499261302e+01,1.812382914225260677e+01,1.228957324584067834e+02
0.000000000000000000e+00,0.000000000000000000e+00,8.235294117647058432e-01,2.161388143169300946e+01,1.841520868937174527e+01,1.247790933459270946e+02
0.000000000000000000e+00,0.000000000000000000e+00,8.274509803921568096e-01,2.194106645095693509e+01,1.870801363627116132e+01,1.266443802617963570e+02
0.000000000000000000e+00,0.000000000000000000e+00,8.352941176470588536e-01,2.226624837798755152e+01,1.899601863861084183e+01,1.284859793598461692e+02
0.000000000000000000e+00,0.000000000000000000e+00,8.392156862745098200e-01,2.261430262278363656e+01,1.931325509389241546e+01,1.305527012640915245e+02
0.000000000000000000e+00,0.000000000000000000e+00,8.431372549019607865e-01,2.294742147573965596e+01,1.961542928059895985e+01,1.325266428822060334e+02
0.000000000000000000e+00,0.000000000000000000e+00,8.470588235294117530e-01,2.320503438712003330e+01,1.984842355092366617e+01,1.340205026782911659e+02
0.000000000000000000e+00,0.000000000000000000e+00,8.509803921568627194e-01,2.359421218995817782e+01,2.021853394826253592e+01,1.363036709798801382e+02
0.000000000000000000e+00,0.000000000000000000e+00,8.549019607843136859e-01,2.389267294279163778e+01,2.049463963826497803e+01,1.380598171505496339e+02
0.000000000000000000e+00,0.000000000000000000e+00,8.588235294117646523e-01,2.424297145311397728e+01,2.081697866439819933e+01,1.400542575828427516e+02
0.000000000000000000e+00,0.000000000000000000e+00,8.627450980392157298e-01,2.463111747160819220e+01,2.117603008270263842e+01,1.423093492066765577e+02
0.000000000000000000e+00,0.000000000000000000e+00,8.705882352941176627e-01,2.503142950350792262e+01,2.154541198730468921e+01,1.445889888493837248e+02
0.000000000000000000e+00,0.000000000000000000e+00,8.745098039215686292e-01,2.531910796442247857e+01,2.180209846496581960e+01,1.462216961500984098e+02
0.000000000000000000e+00,0.000000000000000000e+00,8.784313725490195957e-01,2.570351649975089359e+01,2.215628967285156037e+01,1.484380585115316649e+02
0.000000000000000000e+00,0.000000000000000000e+00,8.823529411764705621e-01,2.621003091315077071e+01,2.265767686843872042e+01,1.514341503645953253e+02
0.000000000000000000e+00,0.000000000000000000e+00,8.862745098039215286e-01,2.646363408544829099e+01,2.289005802154541414e+01,1.528633446198896593e+02
0.000000000000000000e+00,0.000000000000000000e+00,8.901960784313724950e-01,2.682253877329508285e+01,2.323064935684204357e+01,1.549888677696006880e+02
0.000000000000000000e+00,0.000000000000000000e+00,8.941176470588234615e-01,2.720800755873593602e+01,2.359384012222290039e+01,1.572365101989269931e+02
0.000000000000000000e+00,0.000000000000000000e+00,8.980392156862745390e-01,2.758385502654511967e+01,2.394877099990844727e+01,1.593935609577842740e+02
0.000000000000000000e+00,0.000000000000000000e+00,9.019607843137255054e-01,2.778523772622873267e+01,2.410844938278198413e+01,1.604535683262653549e+02
0.000000000000000000e+00,0.000000000000000000e+00,9.058823529411764719e-01,2.827341051238777681e+01,2.457480604171753313e+01,1.632833633259459987e+02
0.000000000000000000e+00,0.000000000000000000e+00,9.098039215686274384e-01,2.871146873520734744e+01,2.499797422409057646e+01,1.658351098311480030e+02
0.000000000000000000e+00,0.000000000000000000e+00,9.137254901960784048e-01,2.907718462675079252e+01,2.534578828811645934e+01,1.678964212985833342e+02
0.000000000000000000e+00,0.000000000000000000e+00,9.176470588235293713e-01,2.951252085974607908e+01,2.576541032791137908e+01,1.703829418830385976e+02
0.000000000000000000e+00,0.000000000000000000e+00,9.215686274509803377e-01,2.997056228248579046e+01,2.620837837855021490e+01,1.730215025999349336e+02
0.000000000000000000e+00,0.000000000000000000e+00,9.254901960784314152e-01,3.052718867078428744e+01,2.679454636255900368e+01,1.762897670937399255e+02
0.000000000000000000e+00,0.000000000000000000e+00,9.294117647058823817e-01,3.096732626867859750e+01,2.722903158823649150e+01,1.787854482241266396e+02
0.000000000000000000e+00,0.000000000000000000e+00,9.333333333333333481e-01,3.141949564662441929e+01,2.767936464945475450e+01,1.813586338406406355e+02
0.000000000000000000e+00,0.000000000000000000e+00,9.372549019607843146e-01,3.189321652015751951e+01,2.816941866556803120e+01,1.841265965526121136e+02
0.000000000000000000e+00,0.000000000000000000e+00,9.411764705882352811e-01,3.230482050459590937e+01,2.859133871078491396e+01,1.865136631690255058e+02
0.000000000000000000e+00,0.000000000000000000e+00,9.450980392156862475e-01,3.262746214307867376e+01,2.889322683334350828e+01,1.882990568901368533e+02
0.000000000000000000e+00,0.000000000000000000e+00,9.490196078431372140e-01,3.291356956022131897e+01,2.917447853724161888e+01,1.898691690424317358e+02
0.000000000000000000e+00,0.000000000000000000e+00,9.529411764705881804e-01,3.336011581349156785e+01,2.963290344874064530e+01,1.923841297494401488e+02
0.000000000000000000e+00,0.000000000000000000e+00,9.568627450980391469e-01,3.381531668542373126e+01,3.009421337763468784e+01,1.948619547180464338e+02
0.000000000000000000e+00,0.000000000000000000e+00,9.607843137254902244e-01,3.436680209308826761e+01,3.068173239390055684e+01,1.979421490388850202e+02
0.000000000000000000e+00,0.000000000000000000e+00,9.647058823529411908e-01,3.491230051451376681e+01,3.126930018107096743e+01,2.009382089478879720e+02
0.000000000000000000e+00,0.000000000000000000e+00,9.686274509803921573e-01,3.565794226145275303e+01,3.211337646484375341e+01,2.051503892117814871e+02
0.000000000000000000e+00,0.000000000000000000e+00,9.725490196078431238e-01,3.632516252464091622e+01,3.289279876708984318e+01,2.088392230331649557e+02
0.000000000000000000e+00,0.000000000000000000e+00,9.764705882352940902e-01,3.697699955255789206e+01,3.369692783355713317e+01,2.124374134699169758e+02
0.000000000000000000e+00,0.000000000000000000e+00,9.803921568627450567e-01,3.759825478375336871e+01,3.447736560821533658e+01,2.157617623468434545e+02
0.000000000000000000e+00,0.000000000000000000e+00,9.843137254901960231e-01,3.816174499597402558e+01,3.529858612060547074e+01,2.187703425610878583e+02
0.000000000000000000e+00,0.000000000000000000e+00,9.882352941176471006e-01,3.858646311829991049e+01,3.606931076049805540e+01,2.208022321237543792e+02
0.000000000000000000e+00,0.000000000000000000e+00,9.921568627450980671e-01,3.892051272098770909e+01,3.669762207031249801e+01,2.223304509859858626e+02
0.000000000000000000e+00,0.000000000000000000e+00,9.960784313725490335e-01,3.915700533605307498e+01,3.718126525878906108e+01,2.233410575926260435e+02
0.000000000000000000e+00,0.000000000000000000e+00,1.000000000000000000e+00,3.929362008131251116e+01,3.753801986694335824e+01,2.238506884470503735e+02
0.000000000000000000e+00,3.921568627450980338e-03,0.000000000000000000e+00,3.104080791275671269e-01,3.406397534741296140e-01,4.538306254449399613e-01
0.000000000000000000e+00,7.843137254901960675e-03,0.000000000000000000e+00,3.104080791275671269e-01,3.406397534741296140e-01,4.538306254449399613e-01
0.000000000000000000e+00,1.176470588235294101e-02,0.000000000000000000e+00,3.104080791275671269e-01,3.406397534741296140e-01,4.538306254449399613e-01
0.000000000000000000e+00,1.568627450980392135e-02,0.000000000000000000e+00,3.104080791275671269e-01,3.418619454900423960e-01,4.538306254449399613e-01
0.000000000000000000e+00,1.960784313725490169e-02,0.000000000000000000e+00,3.104080791275671269e-01,3.418619454900423960e-01,4.538306254449399613e-01
0.000000000000000000e+00,2.352941176470588203e-02,0.000000000000000000e+00,3.104080791275671269e-01,3.419136692086855445e-01,4.538306254449399613e-01
0.000000000000000000e+00,2.745098039215686236e-02,0.000000000000000000e+00,3.104080791275671269e-01,3.598523278037706885e-01,4.615424333413722380e-01
0.000000000000000000e+00,3.137254901960784270e-02,0.000000000000000000e+00,3.104080791275671269e-01,3.781188020110129999e-01,4.657892368958617135e-01
0.000000000000000000e+00,3.529411764705882304e-02,0.000000000000000000e+00,3.104080791275671269e-01,3.900963008403778298e-01,4.657892368958617135e-01
0.000000000000000000e+00,3.921568627450980338e-02,0.000000000000000000e+00,3.104080791275671269e-01,4.059821745753288136e-01,4.694511806718371094e-01
0.000000000000000000e+00,4.313725490196078372e-02,0.000000000000000000e+00,3.147933346768153617e-01,4.337432917952537270e-01,4.831711848252424057e-01
0.000000000000000000e+00,4.705882352941176405e-02,0.000000000000000000e+00,3.210612548859156368e-01,4.603583660721779491e-01,4.976265835463443699e-01
0.000000000000000000e+00,5.098039215686274439e-02,0.000000000000000000e+00,3.400719488799324175e-01,4.977722343802452043e-01,5.224494670875723390e-01
0.000000000000000000e+00,5.490196078431372473e-02,0.000000000000000000e+00,3.551506718432484999e-01,5.324103459715844311e-01,5.402529327905043477e-01
0.000000000000000000e+00,5.882352941176470507e-02,0.000000000000000000e+00,3.808415273146232294e-01,5.728797872861226548e-01,5.651527150326738358e-01
0.000000000000000000e+00,6.274509803921568540e-02,0.000000000000000000e+00,3.954592218032682016e-01,6.161684318383534587e-01,5.852698223175536452e-01
0.000000000000000000e+00,6.666666666666666574e-02,0.000000000000000000e+00,3.954592218032682016e-01,6.454967661698658432e-01,5.852698223175536452e-01
0.000000000000000000e+00,7.058823529411764608e-02,0.000000000000000000e+00,4.041698943940276734e-01,6.875737520058951002e-01,6.000202377959289457e-01
0.000000000000000000e+00,7.450980392156862642e-02,0.000000000000000000e+00,4.126643834493095020e-01,7.297379632790884640e-01,6.153561197286863127e-01
0.000000000000000000e+00,7.843137254901960675e-02,0.000000000000000000e+00,4.293616149647108138e-01,7.855219721794128862e-01,6.363427783168000840e-01
0.000000000000000000e+00,8.235294117647058709e-02,0.000000000000000000e+00,4.317579410239611448e-01,8.302425611019135232e-01,6.517976017559796720e-01
0.000000000000000000e+00,8.627450980392156743e-02,0.000000000000000000e+00,4.580431921750594548e-01,8.919242894649506148e-01,6.894863012022416360e-01
0.000000000000000000e+00,9.019607843137254777e-02,0.000000000000000000e+00,4.696592682803309993e-01,9.635806429386138960e-01,7.162348271113617715e-01
0.000000000000000000e+00,9.411764705882352811e-02,0.000000000000000000e+00,4.843464582728252976e-01,1.030529764890670830e+00,7.423398721742689998e-01
0.000000000000000000e+00,9.803921568627450844e-02,0.000000000000000000e+00,5.025216266216264716e-01,1.108225331306457617e+00,7.801927699403403693e-01
0.000000000000000000e+00,1.019607843137254888e-01,0.000000000000000000e+00,5.307639262974722660e-01,1.189079221884409732e+00,8.203811318563153376e-01
0.000000000000000000e+00,1.058823529411764691e-01,0.000000000000000000e+00,5.455213052288224729e-01,1.279634582996368453e+00,8.538475541301397964e-01
0.000000000000000000e+00,1.098039215686274495e-01,0.000000000000000000e+00,5.644403718480239807e-01,1.374118483066558927e+00,8.808927819749574617e-01
0.000000000000000000e+00,1.137254901960784298e-01,0.000000000000000000e+00,5.979865483885298261e-01,1.464027929306030318e+00,9.197138454470017432e-01
0.000000000000000000e+00,1.176470588235294101e-01,0.000000000000000000e+00,6.201696938087437605e-01,1.539068657159805342e+00,9.472197055556366152e-01
0.000000000000000000e+00,1.215686274509803905e-01,0.000000000000000000e+00,6.361175992870647944e-01,1.607775457700093558e+00,9.716823663782701015e-01
0.000000000000000000e+00,1.254901960784313708e-01,0.000000000000000000e+00,6.721715215028634116e-01,1.691411916414896632e+00,1.015863814461643200e+00
0.000000000000000000e+00,1.294117647058823373e-01,0.000000000000000000e+00,7.062228415907646495e-01,1.763455092112223399e+00,1.063031685873631726e+00
0.000000000000000000e+00,1.333333333333333315e-01,0.000000000000000000e+00,7.203045934262914951e-01,1.852375697294871060e+00,1.105263787251967944e+00
0.000000000000000000e+00,1.372549019607843257e-01,0.000000000000000000e+00,7.361210185557303110e-01,1.926601534287134987e+00,1.138185742209364637e+00
0.000000000000000000e+00,1.411764705882352922e-01,0.000000000000000000e+00,7.701446470590644910e-01,2.061027406851450916e+00,1.195176101326563822e+00
0.000000000000000000e+00,1.450980392156862586e-01,0.000000000000000000e+00,7.892911915967312231e-01,2.166819388866424667e+00,1.234045732129362527e+00
0.000000000000000000e+00,1.490196078431372528e-01,0.000000000000000000e+00,8.154042866280221125e-01,2.279163320064545140e+00,1.281253397587594378e+00
0.000000000000000000e+00,1.529411764705882470e-01,0.000000000000000000e+00,8.410911950259817305e-01,2.376859672069549845e+00,1.317537178586791979e+00
0.000000000000000000e+00,1.568627450980392135e-01,0.000000000000000000e+00,8.785763145662925933e-01,2.527513113816579171e+00,1.377819385907406602e+00
0.000000000000000000e+00,1.607843137254901800e-01,0.000000000000000000e+00,9.083901915083446577e-01,2.655113640626272087e+00,1.429937153649070591e+00
0.000000000000000000e+00,1.647058823529411742e-01,0.000000000000000000e+00,9.385953614996804806e-01,2.784647665818532403e+00,1.482135795707478554e+00
0.000000000000000000e+00,1.686274509803921684e-01,0.000000000000000000e+00,9.629618267988091507e-01,2.896436396439870720e+00,1.524035891336697590e+00
0.000000000000000000e+00,1.725490196078431349e-01,0.000000000000000000e+00,1.007100815596075671e+00,3.059814575513204460e+00,1.592135051729220097e+00
0.000000000000000000e+00,1.764705882352941013e-01,0.000000000000000000e+00,1.046469207481726560e+00,3.211592693328857884e+00,1.654825520058171628e+00
0.000000000000000000e+00,1.803921568627450955e-01,0.000000000000000000e+00,1.082862542135832218e+00,3.346165592670440780e+00,1.712913874606746045e+00
0.000000000000000000e+00,1.843137254901960898e-01,0.000000000000000000e+00,1.144285629102078872e+00,3.573338615894317449e+00,1.806618121616628603e+00
0.000000000000000000e+00,1.921568627450980227e-01,0.000000000000000000e+00,1.216379020861766636e+00,3.857067978382110240e+00,1.922596670920274420e+00
0.000000000000000000e+00,2.000000000000000111e-01,0.000000000000000000e+00,1.268767435452544667e+00,4.057164216041565297e+00,2.007612710157264058e+00
0.000000000000000000e+00,2.039215686274509776e-01,0.000000000000000000e+00,1.326077296295387731e+00,4.283240461349487660e+00,2.107755009008763558e+00
0.000000000000000000e+00,2.078431372549019440e-01,0.000000000000000000e+00,1.382660135859273387e+00,4.537494913736979996e+00,2.207876091991412437e+00
0.000000000000000000e+00,2.117647058823529382e-01,0.000000000000000000e+00,1.432901942957856889e+00,4.723477904001871508e+00,2.286404879342409657e+00
0.000000000000000000e+00,2.156862745098039325e-01,0.000000000000000000e+00,1.485374111415816323e+00,4.939569679896036902e+00,2.378992637839156821e+00
0.000000000000000000e+00,2.196078431372548989e-01,0.000000000000000000e+00,1.551492260475175078e+00,5.213010279337565223e+00,2.490416999474991844e+00
0.000000000000000000e+00,2.274509803921568596e-01,0.000000000000000000e+00,1.625668440645652524e+00,5.474355379740398320e+00,2.593407709196891009e+00
0.000000000000000000e+00,2.313725490196078538e-01,0.000000000000000000e+00,1.718708729730464180e+00,5.820270506540934363e+00,2.736719291046944225e+00
0.000000000000000000e+00,2.352941176470588203e-01,0.000000000000000000e+00,1.845694411003183655e+00,6.325120345751445328e+00,2.943249583534515601e+00
0.000000000000000000e+00,2.470588235294117752e-01,0.000000000000000000e+00,1.978388705809155823e+00,6.830930415789286947e+00,3.150468946549997096e+00
0.000000000000000000e+00,2.627450980392156965e-01,0.000000000000000000e+00,2.122434091016571767e+00,7.407402125994365427e+00,3.386593462587125458e+00
0.000000000000000000e+00,2.705882352941176294e-01,0.000000000000000000e+00,2.260404282825089428e+00,7.974996987978618002e+00,3.622163563048759194e+00
0.000000000000000000e+00,2.784313725490196179e-01,0.000000000000000000e+00,2.385580531399847715e+00,8.459596037864685059e+00,3.823162956739847296e+00
0.000000000000000000e+00,2.823529411764705843e-01,0.000000000000000000e+00,2.487857187634417766e+00,8.873699998855592241e+00,3.989948916401156787e+00
0.000000000000000000e+00,2.862745098039215508e-01,0.000000000000000000e+00,2.592016140172643368e+00,9.298747911453247639e+00,4.163863927323746772e+00
0.000000000000000000e+00,2.941176470588235392e-01,0.000000000000000000e+00,2.688663384867786554e+00,9.655751218795776580e+00,4.314554401513919224e+00
0.000000000000000000e+00,3.019607843137254721e-01,0.000000000000000000e+00,2.812213372431323855e+00,1.016900330225626625e+01,4.517820017836299051e+00
0.000000000000000000e+00,3.058823529411764941e-01,0.000000000000000000e+00,2.917002192135401017e+00,1.060700851122538246e+01,4.691226907715746464e+00
0.000000000000000000e+00,3.176470588235293935e-01,0.000000000000000000e+00,3.027428487445605221e+00,1.105071317990620905e+01,4.873371506463237246e+00
0.000000000000000000e+00,3.215686274509803599e-01,0.000000000000000000e+00,3.151877001410693602e+00,1.158740137418111082e+01,5.076361737926769813e+00
0.000000000000000000e+00,3.254901960784313819e-01,0.000000000000000000e+00,3.252840326634521606e+00,1.198356350262959680e+01,5.233008007140969475e+00
0.000000000000000000e+00,3.294117647058823484e-01,0.000000000000000000e+00,3.327776455893658003e+00,1.225168010393778317e+01,5.346344110941279482e+00
0.000000000000000000e+00,3.333333333333333148e-01,0.000000000000000000e+00,3.438582765957087339e+00,1.267810926437377894e+01,5.518582111222723796e+00
0.000000000000000000e+00,3.372549019607843368e-01,0.000000000000000000e+00,3.530674058501974244e+00,1.303341229756673414e+01,5.662059886636249928e+00
0.000000000000000000e+00,3.450980392156862697e-01,0.000000000000000000e+00,3.580800421166140168e+00,1.317243881225586044e+01,5.731629111559588985e+00
0.000000000000000000e+00,3.490196078431372362e-01,0.000000000000000000e+00,3.677525951249183578e+00,1.357883815765380930e+01,5.894720599409088990e+00
0.000000000000000000e+00,3.529411764705882026e-01,0.000000000000000000e+00,3.769324695069559361e+00,1.394866278966268069e+01,6.043865309262047347e+00
0.000000000000000000e+00,3.568627450980392246e-01,0.000000000000000000e+00,3.848990390443766785e+00,1.426351715723673763e+01,6.173418152001185710e+00
0.000000000000000000e+00,3.607843137254901911e-01,0.000000000000000000e+00,3.958031970492640550e+00,1.471189212799072443e+01,6.350058103345726401e+00
0.000000000000000000e+00,3.647058823529411575e-01,0.000000000000000000e+00,4.086138357843336344e+00,1.524568417867024905e+01,6.566165282514283774e+00
0.000000000000000000e+00,3.764705882352941124e-01,0.000000000000000000e+00,4.225749504821777691e+00,1.577150777180989749e+01,6.779913279395834103e+00
0.000000000000000000e+00,3.803921568627450789e-01,0.000000000000000000e+00,4.363784365038163138e+00,1.632783412933349609e+01,6.995893346394143286e+00
0.000000000000000000e+00,3.882352941176470673e-01,0.000000000000000000e+00,4.554248457283942564e+00,1.712691939671834263e+01,7.309872700350902974e+00
0.000000000000000000e+00,3.921568627450980338e-01,0.000000000000000000e+00,4.722214305998438277e+00,1.781287841796875071e+01,7.580906500391022540e+00
0.000000000000000000e+00,3.960784313725490002e-01,0.000000000000000000e+00,4.859200877006946584e+00,1.834507617950439595e+01,7.793016386478928581e+00
0.000000000000000000e+00,4.039215686274509887e-01,0.000000000000000000e+00,4.970320849533211849e+00,1.881793899536133097e+01,7.979440842992614691e+00
0.000000000000000000e+00,4.078431372549019551e-01,0.000000000000000000e+00,5.068845927297717324e+00,1.922785520553588867e+01,8.143821046297279764e+00
0.000000000000000000e+00,4.117647058823529216e-01,0.000000000000000000e+00,5.236220989060957898e+00,1.988958091735840128e+01,8.399300592920251773e+00
0.000000000000000000e+00,4.156862745098038880e-01,0.000000000000000000e+00,5.316509652246701911e+00,2.018305109024048249e+01,8.521758006962397047e+00
0.000000000000000000e+00,4.196078431372549100e-01,0.000000000000000000e+00,5.487609914544384182e+00,2.086266331354777037e+01,8.789567556366217005e+00
0.000000000000000000e+00,4.235294117647058765e-01,0.000000000000000000e+00,5.640668306373338048e+00,2.146036476771037016e+01,9.022847384650331648e+00
0.000000000000000000e+00,4.352941176470588314e-01,0.000000000000000000e+00,5.822020542661850762e+00,2.214253220240275155e+01,9.302201200653676949e+00
0.000000000000000000e+00,4.392156862745097978e-01,0.000000000000000000e+00,5.864290873007758087e+00,2.225318390528360979e+01,9.359473155575445347e+00
0.000000000000000000e+00,4.431372549019607643e-01,0.000000000000000000e+00,6.042946788730967356e+00,2.298434065500894974e+01,9.640542157181201333e+00
0.000000000000000000e+00,4.470588235294117307e-01,0.000000000000000000e+00,6.164231761168979418e+00,2.343438827514648537e+01,9.825247959511399287e+00
0.000000000000000000e+00,4.549019607843137192e-01,0.000000000000000000e+00,6.294081007444942699e+00,2.394635822296142535e+01,1.003163785515596551e+01
0.000000000000000000e+00,4.588235294117646856e-01,0.000000000000000000e+00,6.423860693542671640e+00,2.446554141362508261e+01,1.023305077158504339e+01
0.000000000000000000e+00,4.627450980392157076e-01,0.000000000000000000e+00,6.577061662826813482e+00,2.508797915776570875e+01,1.048283438998033468e+01
0.000000000000000000e+00,4.666666666666666741e-01,0.000000000000000000e+00,6.704244020045333485e+00,2.557539265950520857e+01,1.067559431005885173e+01
0.000000000000000000e+00,4.705882352941176405e-01,0.000000000000000000e+00,6.805276271874181937e+00,2.600124861399332588e+01,1.083647242408692968e+01
0.000000000000000000e+00,4.745098039215686070e-01,0.000000000000000000e+00,6.947502888678261712e+00,2.657398516337077155e+01,1.105929238117790980e+01
0.000000000000000000e+00,4.784313725490195734e-01,0.000000000000000000e+00,7.075347015002725115e+00,2.708320643107096970e+01,1.125851263218125808e+01
0.000000000000000000e+00,4.823529411764705954e-01,0.000000000000000000e+00,7.207059929102129558e+00,2.759234587351481593e+01,1.145456082860748026e+01
0.000000000000000000e+00,4.862745098039215619e-01,0.000000000000000000e+00,7.348136015735014404e+00,2.816867415110270301e+01,1.168291993891489788e+01
0.000000000000000000e+00,4.901960784313725283e-01,0.000000000000000000e+00,7.489281674802334976e+00,2.870783570607503421e+01,1.190070461194203055e+01
0.000000000000000000e+00,4.941176470588235503e-01,0.000000000000000000e+00,7.621582253750694314e+00,2.921340983708699923e+01,1.209875132107226037e+01
0.000000000000000000e+00,4.980392156862745168e-01,0.000000000000000000e+00,7.760949044434418909e+00,2.974404726028442525e+01,1.231006813504063402e+01
0.000000000000000000e+00,5.019607843137254832e-01,0.000000000000000000e+00,7.992747524840146056e+00,3.070489912033081126e+01,1.267431769736190006e+01
0.000000000000000000e+00,5.058823529411764497e-01,0.000000000000000000e+00,8.149416776615568736e+00,3.136004476547241282e+01,1.291848455853321376e+01
0.000000000000000000e+00,5.098039215686274161e-01,0.000000000000000000e+00,8.270161213194064942e+00,3.185509223937988565e+01,1.310903061458886931e+01
0.000000000000000000e+00,5.137254901960783826e-01,0.000000000000000000e+00,8.422740135216409740e+00,3.246152887344360494e+01,1.334780684809608964e+01
0.000000000000000000e+00,5.176470588235293491e-01,0.000000000000000000e+00,8.620488817868906750e+00,3.329155416488647745e+01,1.365754949001895824e+01
0.000000000000000000e+00,5.254901960784313930e-01,0.000000000000000000e+00,8.685789846182384366e+00,3.349139165878295898e+01,1.374657358150452779e+01
0.000000000000000000e+00,5.294117647058823595e-01,0.000000000000000000e+00,8.819338142827390925e+00,3.396456556320190856e+01,1.394397044240998973e+01
0.000000000000000000e+00,5.333333333333333259e-01,0.000000000000000000e+00,9.034156254175282896e+00,3.477043094635010334e+01,1.426143877215709566e+01
0.000000000000000000e+00,5.411764705882352589e-01,0.000000000000000000e+00,9.380452158297826415e+00,3.621753196716309020e+01,1.478556342913094213e+01
0.000000000000000000e+00,5.450980392156862253e-01,0.000000000000000000e+00,9.511853613287570397e+00,3.672871379852295348e+01,1.498992693199387816e+01
0.000000000000000000e+00,5.490196078431373028e-01,0.000000000000000000e+00,9.784486349360610902e+00,3.786170291900635476e+01,1.540794505568760009e+01
0.000000000000000000e+00,5.529411764705882693e-01,0.000000000000000000e+00,9.961338305139957328e+00,3.854688587188721272e+01,1.567506617776875899e+01
0.000000000000000000e+00,5.607843137254902022e-01,0.000000000000000000e+00,1.013698045750012255e+01,3.925612697601318501e+01,1.594365019742606115e+01
0.000000000000000000e+00,5.647058823529411686e-01,0.000000000000000000e+00,1.015894930256096274e+01,3.926208820343017436e+01,1.598027473780357077e+01
0.000000000000000000e+00,5.686274509803921351e-01,0.000000000000000000e+00,1.035145167070997019e+01,4.001949569702148324e+01,1.626443170397771709e+01
0.000000000000000000e+00,5.764705882352940680e-01,0.000000000000000000e+00,1.045795398520872688e+01,4.040233757019043281e+01,1.642617236883664589e+01
0.000000000000000000e+00,5.803921568627450345e-01,0.000000000000000000e+00,1.064572266437376058e+01,4.113787389119465843e+01,1.670646210166558276e+01
0.000000000000000000e+00,5.843137254901961120e-01,0.000000000000000000e+00,1.082463807581330784e+01,4.185923009236654480e+01,1.698073111935570978e+01
0.000000000000000000e+00,5.882352941176470784e-01,0.000000000000000000e+00,1.098138154004674405e+01,4.247595537821452183e+01,1.721395423764301569e+01
0.000000000000000000e+00,5.921568627450980449e-01,0.000000000000000000e+00,1.118573179484736357e+01,4.329551188151042140e+01,1.752222763809032813e+01
0.000000000000000000e+00,5.960784313725490113e-01,0.000000000000000000e+00,1.135292933518400282e+01,4.396924921671549669e+01,1.777359234652551834e+01
0.000000000000000000e+00,5.999999999999999778e-01,0.000000000000000000e+00,1.151313646816237224e+01,4.459003448486328125e+01,1.801219863699125412e+01
0.000000000000000000e+00,6.039215686274509443e-01,0.000000000000000000e+00,1.170186880494966886e+01,4.535465075174968064e+01,1.828672590431445855e+01
0.000000000000000000e+00,6.078431372549019107e-01,0.000000000000000000e+00,1.189765710554556755e+01,4.615752957661946709e+01,1.858461667457715549e+01
0.000000000000000000e+00,6.117647058823529882e-01,0.000000000000000000e+00,1.205116698790312313e+01,4.674552472432453953e+01,1.881299976666584328e+01
0.000000000000000000e+00,6.196078431372549211e-01,0.000000000000000000e+00,1.223609745184812070e+01,4.746080067952473769e+01,1.908456331001348971e+01
0.000000000000000000e+00,6.235294117647058876e-01,0.000000000000000000e+00,1.242948172001887741e+01,4.824276479085285985e+01,1.937398758796095777e+01
0.000000000000000000e+00,6.274509803921568540e-01,0.000000000000000000e+00,1.261713449374738438e+01,4.897170689900715956e+01,1.965556291966811031e+01
0.000000000000000000e+00,6.313725490196078205e-01,0.000000000000000000e+00,1.279667244184166641e+01,4.965285313924153598e+01,1.991303709642378905e+01
0.000000000000000000e+00,6.352941176470587870e-01,0.000000000000000000e+00,1.301303513498905851e+01,5.050788510640462903e+01,2.022731321164371820e+01
0.000000000000000000e+00,6.392156862745097534e-01,0.000000000000000000e+00,1.328720968627188270e+01,5.159791478474935644e+01,2.062093048066836332e+01
0.000000000000000000e+00,6.470588235294117974e-01,0.000000000000000000e+00,1.349443422321039421e+01,5.241530293782552263e+01,2.092476359007192599e+01
0.000000000000000000e+00,6.509803921568627638e-01,0.000000000000000000e+00,1.371779698685639204e+01,5.328997938791911082e+01,2.125030552298101583e+01
0.000000000000000000e+00,6.549019607843137303e-01,0.000000000000000000e+00,1.391863659173407974e+01,5.408248325347899765e+01,2.154227651588627879e+01
0.000000000000000000e+00,6.588235294117646967e-01,0.000000000000000000e+00,1.409508808516114797e+01,5.478713718414306300e+01,2.180497707278679442e+01
0.000000000000000000e+00,6.627450980392156632e-01,0.000000000000000000e+00,1.428242944253357827e+01,5.556193790435791158e+01,2.208428637201903655e+01
0.000000000000000000e+00,6.666666666666666297e-01,0.000000000000000000e+00,1.447663076296776552e+01,5.631593011220296319e+01,2.235879671311469608e+01
0.000000000000000000e+00,6.705882352941175961e-01,0.000000000000000000e+00,1.463550529392515465e+01,5.695641682942708428e+01,2.259153515289715486e+01
0.000000000000000000e+00,6.745098039215686736e-01,0.000000000000000000e+00,1.487183407835959947e+01,5.791693496704101562e+01,2.293167398627470988e+01
0.000000000000000000e+00,6.784313725490196401e-01,0.000000000000000000e+00,1.523199646379972094e+01,5.938013572692871378e+01,2.342394850557948871e+01
0.000000000000000000e+00,6.823529411764706065e-01,0.000000000000000000e+00,1.536610956111802473e+01,5.986254158020020100e+01,2.361489430626936326e+01
0.000000000000000000e+00,6.862745098039215730e-01,0.000000000000000000e+00,1.557397079971871889e+01,6.071058158874512145e+01,2.392017703767306003e+01
0.000000000000000000e+00,6.901960784313725394e-01,0.000000000000000000e+00,1.581269690304602449e+01,6.162474594116211080e+01,2.424288196330412148e+01
0.000000000000000000e+00,6.941176470588235059e-01,0.000000000000000000e+00,1.597984431139322403e+01,6.225819381713867529e+01,2.448002274332086969e+01
0.000000000000000000e+00,6.980392156862744724e-01,0.000000000000000000e+00,1.629554913584404119e+01,6.345649971008300838e+01,2.488810373026948497e+01
0.000000000000000000e+00,7.019607843137254388e-01,0.000000000000000000e+00,1.651516096180841942e+01,6.433336128234864759e+01,2.520021573284768124e+01
0.000000000000000000e+00,7.058823529411764053e-01,0.000000000000000000e+00,1.671859587932015501e+01,6.511462844848632869e+01,2.548512661286441983e+01
0.000000000000000000e+00,7.098039215686274828e-01,0.000000000000000000e+00,1.689040380418826359e+01,6.579646425882975791e+01,2.573747590312370903e+01
0.000000000000000000e+00,7.137254901960784492e-01,0.000000000000000000e+00,1.704350511312560457e+01,6.638158384958903468e+01,2.598073571068905352e+01
0.000000000000000000e+00,7.176470588235294157e-01,0.000000000000000000e+00,1.704350511312560457e+01,6.638158384958903468e+01,2.598073571068905352e+01
0.000000000000000000e+00,7.215686274509803821e-01,0.000000000000000000e+00,1.721615710198550175e+01,6.703585001627604356e+01,2.624099808475720153e+01
0.000000000000000000e+00,7.254901960784313486e-01,0.000000000000000000e+00,1.738461413384225551e+01,6.769742647806803859e+01,2.647892545391261621e+01
0.000000000000000000e+00,7.294117647058823151e-01,0.000000000000000000e+00,1.764709939777382885e+01,6.874247932434082031e+01,2.683906548836665706e+01
0.000000000000000000e+00,7.333333333333332815e-01,0.000000000000000000e+00,1.787021770339432081e+01,6.960218315124512856e+01,2.714387164158369714e+01
0.000000000000000000e+00,7.372549019607843590e-01,0.000000000000000000e+00,1.808798775447053231e+01,7.044126892089843750e+01,2.744311083123124106e+01
0.000000000000000000e+00,7.411764705882353255e-01,0.000000000000000000e+00,1.826717735549633659e+01,7.111960182189942259e+01,2.769109623516618157e+01
0.000000000000000000e+00,7.450980392156862919e-01,0.000000000000000000e+00,1.851228825174711901e+01,7.206537300109863509e+01,2.802047014269155767e+01
0.000000000000000000e+00,7.490196078431372584e-01,0.000000000000000000e+00,1.868880162167619829e+01,7.272414858500162893e+01,2.826671550429913893e+01
0.000000000000000000e+00,7.529411764705882248e-01,0.000000000000000000e+00,1.891882096022772686e+01,7.361753695170085621e+01,2.857285354464982419e+01
0.000000000000000000e+00,7.568627450980391913e-01,0.000000000000000000e+00,1.915875378303076104e+01,7.455348742167156217e+01,2.889743308808325040e+01
0.000000000000000000e+00,7.607843137254901578e-01,0.000000000000000000e+00,1.935859842104647655e+01,7.535154688517252453e+01,2.917073965219856291e+01
0.000000000000000000e+00,7.647058823529411242e-01,0.000000000000000000e+00,1.961372238649188660e+01,7.633738184611003419e+01,2.951253266470084924e+01
0.000000000000000000e+00,7.686274509803920907e-01,0.000000000000000000e+00,1.989074781399724401e+01,7.742865013122559503e+01,2.987779678083817103e+01
0.000000000000000000e+00,7.725490196078431682e-01,0.000000000000000000e+00,2.017055193673626690e+01,7.852923912048341037e+01,3.025287595544624608e+01
0.000000000000000000e+00,7.764705882352941346e-01,0.000000000000000000e+00,2.044199621905524822e+01,7.957572578430176691e+01,3.061233849863721090e+01
0.000000000000000000e+00,7.803921568627451011e-01,0.000000000000000000e+00,2.075516828247718237e+01,8.079104370117188694e+01,3.103082735097147804e+01
0.000000000000000000e+00,7.843137254901960675e-01,0.000000000000000000e+00,2.106262697987010668e+01,8.202733840942383381e+01,3.143103183828742431e+01
0.000000000000000000e+00,7.882352941176470340e-01,0.000000000000000000e+00,2.129018071532332357e+01,8.290066515604655706e+01,3.173672697895346673e+01
0.000000000000000000e+00,7.921568627450980005e-01,0.000000000000000000e+00,2.151384817359349810e+01,8.377227694193521756e+01,3.203465787313871971e+01
0.000000000000000000e+00,7.960784313725489669e-01,0.000000000000000000e+00,2.177297416358609183e+01,8.478250986735027084e+01,3.236970871566569485e+01
0.000000000000000000e+00,8.000000000000000444e-01,0.000000000000000000e+00,2.204804846046078026e+01,8.583745752970378362e+01,3.271923757302504043e+01
0.000000000000000000e+00,8.039215686274510109e-01,0.000000000000000000e+00,2.231311981470497585e+01,8.685457483927409328e+01,3.305499044774863648e+01
0.000000000000000000e+00,8.078431372549019773e-01,0.000000000000000000e+00,2.258889900180644261e+01,8.791905136108398722e+01,3.340555652048334423e+01
0.000000000000000000e+00,8.117647058823529438e-01,0.000000000000000000e+00,2.303365217693568212e+01,8.967977828979493893e+01,3.393861851109728889e+01
0.000000000000000000e+00,8.156862745098039102e-01,0.000000000000000000e+00,2.331249294616953449e+01,9.076532905578613963e+01,3.428961799967191126e+01
0.000000000000000000e+00,8.196078431372548767e-01,0.000000000000000000e+00,2.369661996147189242e+01,9.225291931152344205e+01,3.474173703803178626e+01
0.000000000000000000e+00,8.235294117647058432e-01,0.000000000000000000e+00,2.387857397422199668e+01,9.293081390380859830e+01,3.497485014983630691e+01
0.000000000000000000e+00,8.274509803921568096e-01,0.000000000000000000e+00,2.414855304031633665e+01,9.397394836425780795e+01,3.531034479848013063e+01
0.000000000000000000e+00,8.313725490196077761e-01,0.000000000000000000e+00,2.425766661447524086e+01,9.433177536010742870e+01,3.546973155554113077e+01
0.000000000000000000e+00,8.352941176470588536e-01,0.000000000000000000e+00,2.451337866197571813e+01,9.529056828816732150e+01,3.578425258998058212e+01
0.000000000000000000e+00,8.392156862745098200e-01,0.000000000000000000e+00,2.471176604356998041e+01,9.609160273234050464e+01,3.604495569794052301e+01
0.000000000000000000e+00,8.431372549019607865e-01,0.000000000000000000e+00,2.504605197752797352e+01,9.736605265299479584e+01,3.644832774918411644e+01
0.000000000000000000e+00,8.470588235294117530e-01,0.000000000000000000e+00,2.539696091753704721e+01,9.874865641276042538e+01,3.685461844970753020e+01
0.000000000000000000e+00,8.509803921568627194e-01,0.000000000000000000e+00,2.579626609562012618e+01,1.003046973673502578e+02,3.729484125119618199e+01
0.000000000000000000e+00,8.549019607843136859e-01,0.000000000000000000e+00,2.607502303562529278e+01,1.013772722371419235e+02,3.762711309351142575e+01
0.000000000000000000e+00,8.588235294117646523e-01,0.000000000000000000e+00,2.639941380012439964e+01,1.025998724365234409e+02,3.799156056456884301e+01
0.000000000000000000e+00,8.627450980392157298e-01,0.000000000000000000e+00,2.666752813686857593e+01,1.036478745524088652e+02,3.831001463546249397e+01
0.000000000000000000e+00,8.666666666666666963e-01,0.000000000000000000e+00,2.693634005870298154e+01,1.046395462290446119e+02,3.861804218604102346e+01
0.000000000000000000e+00,8.705882352941176627e-01,0.000000000000000000e+00,2.712244744106086713e+01,1.053287374114990342e+02,3.885794819508949161e+01
0.000000000000000000e+00,8.745098039215686292e-01,0.000000000000000000e+00,2.745943129079390843e+01,1.066510460662841808e+02,3.922717062516260711e+01
0.000000000000000000e+00,8.784313725490195957e-01,0.000000000000000000e+00,2.779331362763769420e+01,1.079171169281005973e+02,3.957671495057388711e+01
0.000000000000000000e+00,8.823529411764705621e-01,0.000000000000000000e+00,2.813997454017423649e+01,1.092205014546712505e+02,3.994465266003451376e+01
0.000000000000000000e+00,8.862745098039215286e-01,0.000000000000000000e+00,2.835270073407410507e+01,1.100499546559651805e+02,4.018422755679310399e+01
0.000000000000000000e+00,8.901960784313724950e-01,0.000000000000000000e+00,2.869255472573149746e+01,1.113586116027832134e+02,4.053965010805042368e+01
0.000000000000000000e+00,8.941176470588234615e-01,0.000000000000000000e+00,2.896885049677469226e+01,1.123919006347656335e+02,4.085139747844623059e+01
0.000000000000000000e+00,8.980392156862745390e-01,0.000000000000000000e+00,2.930959546614222688e+01,1.136914187622070500e+02,4.117839673744649076e+01
0.000000000000000000e+00,9.019607843137255054e-01,0.000000000000000000e+00,2.967613555646943979e+01,1.150693344879150573e+02,4.151986813459594572e+01
0.000000000000000000e+00,9.058823529411764719e-01,0.000000000000000000e+00,3.004039125499739527e+01,1.164070366160075025e+02,4.189669891727063344e+01
0.000000000000000000e+00,9.098039215686274384e-01,0.000000000000000000e+00,3.036065301610578260e+01,1.176031234232584808e+02,4.220650849634805013e+01
0.000000000000000000e+00,9.137254901960784048e-01,0.000000000000000000e+00,3.067698914177275782e+01,1.187696910349528139e+02,4.251606872031043594e+01
0.000000000000000000e+00,9.176470588235293713e-01,0.000000000000000000e+00,3.086286556669453773e+01,1.194358848063151157e+02,4.274643262424378065e+01
0.000000000000000000e+00,9.215686274509803377e-01,0.000000000000000000e+00,3.109605501941601347e+01,1.203009440104166714e+02,4.300144821342970403e+01
0.000000000000000000e+00,9.254901960784314152e-01,0.000000000000000000e+00,3.143745634442169035e+01,1.215884097290039136e+02,4.330374866111971244e+01
0.000000000000000000e+00,9.294117647058823817e-01,0.000000000000000000e+00,3.175777088185436980e+01,1.227718029785156375e+02,4.357891789966061680e+01
0.000000000000000000e+00,9.333333333333333481e-01,0.000000000000000000e+00,3.211088196610087664e+01,1.240902195739746077e+02,4.386120420655156238e+01
0.000000000000000000e+00,9.372549019607843146e-01,0.000000000000000000e+00,3.242671152103810783e+01,1.252434277343750040e+02,4.412620170688938259e+01
0.000000000000000000e+00,9.411764705882352811e-01,0.000000000000000000e+00,3.274184232812025641e+01,1.264288537597656301e+02,4.437019427001683880e+01
0.000000000000000000e+00,9.450980392156862475e-01,0.000000000000000000e+00,3.307945649114088127e+01,1.276597763061523523e+02,4.459052936426383695e+01
0.000000000000000000e+00,9.490196078431372140e-01,0.000000000000000000e+00,3.332353700298172328e+01,1.285491213989257915e+02,4.475455543234622269e+01
0.000000000000000000e+00,9.529411764705881804e-01,0.000000000000000000e+00,3.356929973699099889e+01,1.294363297271728470e+02,4.492452348370855475e+01
0.000000000000000000e+00,9.568627450980391469e-01,0.000000000000000000e+00,3.379624880856043490e+01,1.302480503845214912e+02,4.507341877998449320e+01
0.000000000000000000e+00,9.607843137254902244e-01,0.000000000000000000e+00,3.400786112418992957e+01,1.309900932312011719e+02,4.518485398154000166e+01
0.000000000000000000e+00,9.647058823529411908e-01,0.000000000000000000e+00,3.414554802748854456e+01,1.314758702087402469e+02,4.526867182779408694e+01
0.000000000000000000e+00,9.686274509803921573e-01,0.000000000000000000e+00,3.429203427764701217e+01,1.319776226806640693e+02,4.539811832442893547e+01
0.000000000000000000e+00,9.725490196078431238e-01,0.000000000000000000e+00,3.442435743572476525e+01,1.324558465576172068e+02,4.547758434281894324e+01
0.000000000000000000e+00,9.764705882352940902e-01,0.000000000000000000e+00,3.460260375060012450e+01,1.330778657531738247e+02,4.556140051926471557e+01
0.000000000000000000e+00,9.803921568627450567e-01,0.000000000000000000e+00,3.478116928302201671e+01,1.336918659973144372e+02,4.565958428504949751e+01
0.000000000000000000e+00,9.843137254901960231e-01,0.000000000000000000e+00,3.496838996156331802e+01,1.343447828674316611e+02,4.574704916183660686e+01
0.000000000000000000e+00,9.882352941176471006e-01,0.000000000000000000e+00,3.520157231502206230e+01,1.351721038818359375e+02,4.576855674099995497e+01
0.000000000000000000e+00,9.921568627450980671e-01,0.000000000000000000e+00,3.536388895232079932e+01,1.357274829101562545e+02,4.582516186863403362e+01
0.000000000000000000e+00,9.960784313725490335e-01,0.000000000000000000e+00,3.546420884595799805e+01,1.360847790527344046e+02,4.585616697485682636e+01
0.000000000000000000e+00,1.000000000000000000e+00,0.000000000000000000e+00,3.551696398380277486e+01,1.362716040039062761e+02,4.587623104521136952e+01
3.921568627450980338e-03,0.000000000000000000e+00,0.000000000000000000e+00,3.048574882425339472e-01,3.201091667016347508e-01,4.467116987415855056e-01
7.843137254901960675e-03,0.000000000000000000e+00,0.000000000000000000e+00,3.125623393890694102e-01,3.239510093132655366e-01,4.467116987415855056e-01
1.176470588235294101e-02,0.000000000000000000e+00,0.000000000000000000e+00,3.316829736492762359e-01,3.326396059162087249e-01,4.481595896232805631e-01
1.568627450980392135e-02,0.000000000000000000e+00,0.000000000000000000e+00,3.316829736492762359e-01,3.326396059162087249e-01,4.481595896232805631e-01
1.960784313725490169e-02,0.000000000000000000e+00,0.000000000000000000e+00,3.376763414427066401e-01,3.326396059162087249e-01,4.481595896232805631e-01
2.352941176470588203e-02,0.000000000000000000e+00,0.000000000000000000e+00,3.376763414427066401e-01,3.326396059162087249e-01,4.481595896232805631e-01
2.745098039215686236e-02,0.000000000000000000e+00,0.000000000000000000e+00,3.442976693684300926e-01,3.326396059162087249e-01,4.481595896232805631e-01
3.137254901960784270e-02,0.000000000000000000e+00,0.000000000000000000e+00,3.525963237452269805e-01,3.326396059162087249e-01,4.481595896232805631e-01
3.529411764705882304e-02,0.000000000000000000e+00,0.000000000000000000e+00,3.717143746710574459e-01,3.402932985623677853e-01,4.481595896232805631e-01
3.921568627450980338e-02,0.000000000000000000e+00,0.000000000000000000e+00,3.992247650055680830e-01,3.541304736336072789e-01,4.481595896232805631e-01
4.313725490196078372e-02,0.000000000000000000e+00,0.000000000000000000e+00,4.387223951318585113e-01,3.808789124091466194e-01,4.499278703611192531e-01
4.705882352941176405e-02,0.000000000000000000e+00,0.000000000000000000e+00,4.685409855345722407e-01,3.952928831179937097e-01,4.499278703611192531e-01
5.098039215686274439e-02,0.000000000000000000e+00,0.000000000000000000e+00,4.867143147475196385e-01,3.969472378492355791e-01,4.499278703611192531e-01
5.490196078431372473e-02,0.000000000000000000e+00,0.000000000000000000e+00,5.193340774161733231e-01,4.081146678328513855e-01,4.499278703611192531e-01
5.882352941176470507e-02,0.000000000000000000e+00,0.000000000000000000e+00,5.612443519211209875e-01,4.314822486042976801e-01,4.553148928692835606e-01
6.274509803921568540e-02,0.000000000000000000e+00,0.000000000000000000e+00,6.050618642352643128e-01,4.541234105825424638e-01,4.644925642064846594e-01
6.666666666666666574e-02,0.000000000000000000e+00,0.000000000000000000e+00,6.533246484247456909e-01,4.815017372369766457e-01,4.721465835725489613e-01
7.058823529411764608e-02,0.000000000000000000e+00,0.000000000000000000e+00,7.007652856108569361e-01,4.982067346572875977e-01,4.721465835725489613e-01
7.450980392156862642e-02,0.000000000000000000e+00,0.000000000000000000e+00,7.533292827768300892e-01,5.253837928175926208e-01,4.721465835725489613e-01
7.843137254901960675e-02,0.000000000000000000e+00,0.000000000000000000e+00,8.015871883527154740e-01,5.442998543381691867e-01,4.721465835725489613e-01
8.235294117647058709e-02,0.000000000000000000e+00,0.000000000000000000e+00,8.539387738633088532e-01,5.646480751037596946e-01,4.721465835725489613e-01
8.627450980392156743e-02,0.000000000000000000e+00,0.000000000000000000e+00,9.165270190035739173e-01,5.902964951594670273e-01,4.721465835725489613e-01
9.019607843137254777e-02,0.000000000000000000e+00,0.000000000000000000e+00,1.010958306017958774e+00,6.338555332024892186e-01,4.721465835725489613e-01
9.411764705882352811e-02,0.000000000000000000e+00,0.000000000000000000e+00,1.118366606581059575e+00,6.726231964429219001e-01,4.721465835725489613e-01
9.803921568627450844e-02,0.000000000000000000e+00,0.000000000000000000e+00,1.203659063759211945e+00,7.108923556407291677e-01,4.721465835725489613e-01
1.019607843137254888e-01,0.000000000000000000e+00,0.000000000000000000e+00,1.295782436328431597e+00,7.517334063847860293e-01,4.721465835725489613e-01
1.058823529411764691e-01,0.000000000000000000e+00,0.000000000000000000e+00,1.381116209436069830e+00,7.848092635472615486e-01,4.721465835725489613e-01
1.098039215686274495e-01,0.000000000000000000e+00,0.000000000000000000e+00,1.455843109352713993e+00,8.223748203118643740e-01,4.872452927594436156e-01
1.137254901960784298e-01,0.000000000000000000e+00,0.000000000000000000e+00,1.514931590400295569e+00,8.543702145417532146e-01,4.956920430868046457e-01
1.176470588235294101e-01,0.000000000000000000e+00,0.000000000000000000e+00,1.611370307633807730e+00,8.953694345553717682e-01,4.956920430868046457e-01
1.215686274509803905e-01,0.000000000000000000e+00,0.000000000000000000e+00,1.691410468971759062e+00,9.313135834534964630e-01,4.956920430868046457e-01
1.254901960784313708e-01,0.000000000000000000e+00,0.000000000000000000e+00,1.790467162561455217e+00,9.735620748996736129e-01,4.956920430868046457e-01
1.294117647058823373e-01,0.000000000000000000e+00,0.000000000000000000e+00,1.890266228382930791e+00,1.015749151706695663e+00,4.956920430868046457e-01
1.333333333333333315e-01,0.000000000000000000e+00,0.000000000000000000e+00,2.009888162845300918e+00,1.068099756240844744e+00,4.956920430868046457e-01
1.372549019607843257e-01,0.000000000000000000e+00,0.000000000000000000e+00,2.110736967447717216e+00,1.111133428414662783e+00,4.956920430868046457e-01
1.411764705882352922e-01,0.000000000000000000e+00,0.000000000000000000e+00,2.246619490199260216e+00,1.169538482030232807e+00,4.956920430868046457e-01
1.450980392156862586e-01,0.000000000000000000e+00,0.000000000000000000e+00,2.371053611658104021e+00,1.226135881741841738e+00,4.957605554146928273e-01
1.490196078431372528e-01,0.000000000000000000e+00,0.000000000000000000e+00,2.519068907425473292e+00,1.294375458558400638e+00,5.001896783604213859e-01
1.529411764705882470e-01,0.000000000000000000e+00,0.000000000000000000e+00,2.690194147071777842e+00,1.372466615041097127e+00,5.123947330911683418e-01
1.607843137254901800e-01,0.000000000000000000e+00,0.000000000000000000e+00,2.881669396976802577e+00,1.460722783406575687e+00,5.186978681211525943e-01
1.647058823529411742e-01,0.000000000000000000e+00,0.000000000000000000e+00,3.056076469891626513e+00,1.534390905698140628e+00,5.186978681211525943e-01
1.686274509803921684e-01,0.000000000000000000e+00,0.000000000000000000e+00,3.210687388854140956e+00,1.598009000619252662e+00,5.186978681211525943e-01
1.725490196078431349e-01,0.000000000000000000e+00,0.000000000000000000e+00,3.438334144012165527e+00,1.688811305363973059e+00,5.186978681211525943e-01
1.764705882352941013e-01,0.000000000000000000e+00,0.000000000000000000e+00,3.642137507343747416e+00,1.770900014241536535e+00,5.186978681211525943e-01
1.803921568627450955e-01,0.000000000000000000e+00,0.000000000000000000e+00,3.792165404431396603e+00,1.829697175025939870e+00,5.186978681211525943e-01
1.843137254901960898e-01,0.000000000000000000e+00,0.000000000000000000e+00,3.914918146091652673e+00,1.886649913787841637e+00,5.186978681211525943e-01
1.882352941176470562e-01,0.000000000000000000e+00,0.000000000000000000e+00,4.118701300338761584e+00,1.978027137120564660e+00,5.258367871058207133e-01
1.921568627450980227e-01,0.000000000000000000e+00,0.000000000000000000e+00,4.280905270100546112e+00,2.052305074532826623e+00,5.301484668706977210e-01
1.960784313725490169e-01,0.000000000000000000e+00,0.000000000000000000e+00,4.757776303082233760e+00,2.248172398408254224e+00,5.301484668706977210e-01
2.000000000000000111e-01,0.000000000000000000e+00,0.000000000000000000e+00,5.036368042615013252e+00,2.369413252671559444e+00,5.301484668706977210e-01
2.039215686274509776e-01,0.000000000000000000e+00,0.000000000000000000e+00,5.337246534015306132e+00,2.499806634585062692e+00,5.301484668706977210e-01
2.117647058823529382e-01,0.000000000000000000e+00,0.000000000000000000e+00,5.593012519280222250e+00,2.613188966115315814e+00,5.301484668706977210e-01
2.156862745098039325e-01,0.000000000000000000e+00,0.000000000000000000e+00,6.081479954490164985e+00,2.821810372670491507e+00,5.301484668706977210e-01
2.235294117647058654e-01,0.000000000000000000e+00,0.000000000000000000e+00,6.081479954490164985e+00,2.827444823582967004e+00,5.497805547130805159e-01
2.274509803921568596e-01,0.000000000000000000e+00,0.000000000000000000e+00,6.325416503398101575e+00,2.948805459340413826e+00,5.774624293268346698e-01
2.313725490196078538e-01,0.000000000000000000e+00,0.000000000000000000e+00,6.674139454495922053e+00,3.101390588283538641e+00,5.928395020945431693e-01
2.392156862745097867e-01,0.000000000000000000e+00,0.000000000000000000e+00,7.026325809242515597e+00,3.255260503292083829e+00,5.980635232752198327e-01
2.431372549019607809e-01,0.000000000000000000e+00,0.000000000000000000e+00,7.129488251259310516e+00,3.312339254220327156e+00,6.182749794601427595e-01
2.470588235294117752e-01,0.000000000000000000e+00,0.000000000000000000e+00,7.466357947257823646e+00,3.459897021452585708e+00,6.196934797836297637e-01
2.509803921568627416e-01,0.000000000000000000e+00,0.000000000000000000e+00,7.964710480615320165e+00,3.666344575087229440e+00,6.196934797836297637e-01
2.588235294117646745e-01,0.000000000000000000e+00,0.000000000000000000e+00,8.315365068473232313e+00,3.818211833635966279e+00,6.196934797836297637e-01
2.627450980392156965e-01,0.000000000000000000e+00,0.000000000000000000e+00,9.269709302376693216e+00,4.219637982050578273e+00,6.196934797836297637e-01
2.666666666666666630e-01,0.000000000000000000e+00,0.000000000000000000e+00,9.869178494267680790e+00,4.479924488067627664e+00,6.289931766938665625e-01
2.823529411764705843e-01,0.000000000000000000e+00,0.000000000000000000e+00,1.046775779506151238e+01,4.738020435969034772e+00,6.384759085313652660e-01
2.941176470588235392e-01,0.000000000000000000e+00,0.000000000000000000e+00,1.087097494024602007e+01,4.920453278223673621e+00,6.650788271351888437e-01
2.980392156862745057e-01,0.000000000000000000e+00,0.000000000000000000e+00,1.141059839341591342e+01,5.154987303415934363e+00,6.752183733908273533e-01
3.019607843137254721e-01,0.000000000000000000e+00,0.000000000000000000e+00,1.148952418213168869e+01,5.200179592768352066e+00,6.986841972234054676e-01
3.058823529411764941e-01,0.000000000000000000e+00,0.000000000000000000e+00,1.197276167441886408e+01,5.410832643508911133e+00,7.111851681433447592e-01
3.176470588235293935e-01,0.000000000000000000e+00,0.000000000000000000e+00,1.246461557797014308e+01,5.626438736915589267e+00,7.230169555122377689e-01
3.254901960784313819e-01,0.000000000000000000e+00,0.000000000000000000e+00,1.308797766445219501e+01,5.898502691586813285e+00,7.331084439258082064e-01
3.294117647058823484e-01,0.000000000000000000e+00,0.000000000000000000e+00,1.388550069612138849e+01,6.241109045346577844e+00,7.343074353598536552e-01
3.372549019607843368e-01,0.000000000000000000e+00,0.000000000000000000e+00,1.445037332380702111e+01,6.489447792371115575e+00,7.504119922271444976e-01
3.450980392156862697e-01,0.000000000000000000e+00,0.000000000000000000e+00,1.485836120766460944e+01,6.668938453992208970e+00,7.598547906939957519e-01
3.490196078431372362e-01,0.000000000000000000e+00,0.000000000000000000e+00,1.536381483239915191e+01,6.886885849634806434e+00,7.686219758087384779e-01
3.529411764705882026e-01,0.000000000000000000e+00,0.000000000000000000e+00,1.579969066719857196e+01,7.079687770207723219e+00,7.769327248209159098e-01
3.568627450980392246e-01,0.000000000000000000e+00,0.000000000000000000e+00,1.604349567542639932e+01,7.190455230077108517e+00,7.874815463506946722e-01
3.607843137254901911e-01,0.000000000000000000e+00,0.000000000000000000e+00,1.647988487826873083e+01,7.377033437093099444e+00,7.874815463506946722e-01
3.647058823529411575e-01,0.000000000000000000e+00,0.000000000000000000e+00,1.759054359059799921e+01,7.846644986470540317e+00,7.874815463506946722e-01
3.686274509803921795e-01,0.000000000000000000e+00,0.000000000000000000e+00,1.808524655893461741e+01,8.060736509958903895e+00,7.874815463506946722e-01
3.764705882352941124e-01,0.000000000000000000e+00,0.000000000000000000e+00,1.864584793032430099e+01,8.298314997355141998e+00,7.902730158039265040e-01
3.803921568627450789e-01,0.000000000000000000e+00,0.000000000000000000e+00,1.934706923115556876e+01,8.598413473765056381e+00,8.019936549295918482e-01
3.882352941176470673e-01,0.000000000000000000e+00,0.000000000000000000e+00,2.053121135864581959e+01,9.105741621653239193e+00,8.080168753588218289e-01
3.921568627450980338e-01,0.000000000000000000e+00,0.000000000000000000e+00,2.091857945280385422e+01,9.283431889216105404e+00,8.317501719848615638e-01
4.039215686274509887e-01,0.000000000000000000e+00,0.000000000000000000e+00,2.161816783045955148e+01,9.589383373260499610e+00,8.503509370018224045e-01
4.078431372549019551e-01,0.000000000000000000e+00,0.000000000000000000e+00,2.214911450560349948e+01,9.824614200592041158e+00,8.619824678546345043e-01
4.117647058823529216e-01,0.000000000000000000e+00,0.000000000000000000e+00,2.264321656222568180e+01,1.004435892105102646e+01,8.724279002641142089e-01
4.156862745098038880e-01,0.000000000000000000e+00,0.000000000000000000e+00,2.264321656222568180e+01,1.005262823104858505e+01,8.946228252387345981e-01
4.196078431372549100e-01,0.000000000000000000e+00,0.000000000000000000e+00,2.301561169671975904e+01,1.021383280754089462e+01,8.983750599768760559e-01
4.235294117647058765e-01,0.000000000000000000e+00,0.000000000000000000e+00,2.354135489063110498e+01,1.044316396713256800e+01,9.050613772209223917e-01
4.274509803921568429e-01,0.000000000000000000e+00,0.000000000000000000e+00,2.413388823144762796e+01,1.069950428009033239e+01,9.115373055753936971e-01
4.313725490196078649e-01,0.000000000000000000e+00,0.000000000000000000e+00,2.463456723051980291e+01,1.092312822341918910e+01,9.318217265927162263e-01
4.352941176470588314e-01,0.000000000000000000e+00,0.000000000000000000e+00,2.508084785489284130e+01,1.111578645706176793e+01,9.369907974909886805e-01
4.392156862745097978e-01,0.000000000000000000e+00,0.000000000000000000e+00,2.662584165212143716e+01,1.177274799346923828e+01,9.449593875036396140e-01
4.431372549019607643e-01,0.000000000000000000e+00,0.000000000000000000e+00,2.715099997874819593e+01,1.200124769210815678e+01,9.548668333315358803e-01
4.470588235294117307e-01,0.000000000000000000e+00,0.000000000000000000e+00,2.767539552162837424e+01,1.222858533859253072e+01,9.682484807451559039e-01
4.509803921568627527e-01,0.000000000000000000e+00,0.000000000000000000e+00,2.824983801445780784e+01,1.247337775230407786e+01,9.702106596238855296e-01
4.549019607843137192e-01,0.000000000000000000e+00,0.000000000000000000e+00,2.851607367186728936e+01,1.259565746784210205e+01,9.716278312857565824e-01
4.588235294117646856e-01,0.000000000000000000e+00,0.000000000000000000e+00,2.851607367186728936e+01,1.259565746784210205e+01,9.923073412962157835e-01
4.627450980392157076e-01,0.000000000000000000e+00,0.000000000000000000e+00,2.864047308200162689e+01,1.266197452545165980e+01,1.001971771807218525e+00
4.666666666666666741e-01,0.000000000000000000e+00,0.000000000000000000e+00,2.914921995657705622e+01,1.288579120635986364e+01,1.016938890996254008e+00
4.705882352941176405e-01,0.000000000000000000e+00,0.000000000000000000e+00,2.952121054969553171e+01,1.305133779843648156e+01,1.029008625153687628e+00
4.745098039215686070e-01,0.000000000000000000e+00,0.000000000000000000e+00,3.022536562456688713e+01,1.336119182904561242e+01,1.039719764504668298e+00
4.784313725490195734e-01,0.000000000000000000e+00,0.000000000000000000e+00,3.183967295134604569e+01,1.404642794926961180e+01,1.039719764504668298e+00
4.823529411764705954e-01,0.000000000000000000e+00,0.000000000000000000e+00,3.234947391875012812e+01,1.427331927617390939e+01,1.057247693438536418e+00
4.862745098039215619e-01,0.000000000000000000e+00,0.000000000000000000e+00,3.306700733339080500e+01,1.458137013117472236e+01,1.057247693438536418e+00
4.901960784313725283e-01,0.000000000000000000e+00,0.000000000000000000e+00,3.385369356691638387e+01,1.492228759129842075e+01,1.063958121190500483e+00
4.941176470588235503e-01,0.000000000000000000e+00,0.000000000000000000e+00,3.422042919321843613e+01,1.509074552853902063e+01,1.086028176041106130e+00
4.980392156862745168e-01,0.000000000000000000e+00,0.000000000000000000e+00,3.422042919321843613e+01,1.509074552853902063e+01,1.096991020476273615e+00
5.058823529411764497e-01,0.000000000000000000e+00,0.000000000000000000e+00,3.487849030161100927e+01,1.537893541653951068e+01,1.100701390846355876e+00
5.098039215686274161e-01,0.000000000000000000e+00,0.000000000000000000e+00,3.595275031537445898e+01,1.584444368680318327e+01,1.113137921213548820e+00
5.176470588235293491e-01,0.000000000000000000e+00,0.000000000000000000e+00,3.688343189987878645e+01,1.625194554328918528e+01,1.133757087800655983e+00
5.254901960784313930e-01,0.000000000000000000e+00,0.000000000000000000e+00,3.786605988056922456e+01,1.667493774096170966e+01,1.139806661996817017e+00
5.294117647058823595e-01,0.000000000000000000e+00,0.000000000000000000e+00,3.877592928509559300e+01,1.707466413180033271e+01,1.165650511673323564e+00
5.333333333333333259e-01,0.000000000000000000e+00,0.000000000000000000e+00,4.001018920186592709e+01,1.760262171427408973e+01,1.169496747094822320e+00
5.372549019607842924e-01,0.000000000000000000e+00,0.000000000000000000e+00,4.062519063764558780e+01,1.787041478474935019e+01,1.186907725967367710e+00
5.411764705882352589e-01,0.000000000000000000e+00,0.000000000000000000e+00,4.135840964670689601e+01,1.818447655359904047e+01,1.194187965717528055e+00
5.490196078431373028e-01,0.000000000000000000e+00,0.000000000000000000e+00,4.195281624911299900e+01,1.844668199539184883e+01,1.215373793199297392e+00
5.529411764705882693e-01,0.000000000000000000e+00,0.000000000000000000e+00,4.264997363190114754e+01,1.875205614089966133e+01,1.227920104620758401e+00
5.568627450980392357e-01,0.000000000000000000e+00,0.000000000000000000e+00,4.335263091994900009e+01,1.906845666885375934e+01,1.262314314349594513e+00
5.607843137254902022e-01,0.000000000000000000e+00,0.000000000000000000e+00,4.466936283697458521e+01,1.963876295089721680e+01,1.278176243536004009e+00
5.725490196078431016e-01,0.000000000000000000e+00,0.000000000000000000e+00,4.598890768039935040e+01,2.020687522888183807e+01,1.290270722624838218e+00
5.764705882352940680e-01,0.000000000000000000e+00,0.000000000000000000e+00,4.787775952069652874e+01,2.101764259338379048e+01,1.293528011941205369e+00
5.803921568627450345e-01,0.000000000000000000e+00,0.000000000000000000e+00,4.890237297223026047e+01,2.146366453170776367e+01,1.310683731308967648e+00
5.843137254901961120e-01,0.000000000000000000e+00,0.000000000000000000e+00,4.959175748311533738e+01,2.176334797541300503e+01,1.311644509511451284e+00
5.882352941176470784e-01,0.000000000000000000e+00,0.000000000000000000e+00,5.056736395796990990e+01,2.218609997431437364e+01,1.322850636523190460e+00
5.921568627450980449e-01,0.000000000000000000e+00,0.000000000000000000e+00,5.108282518369576053e+01,2.241762069066365370e+01,1.339837746091430581e+00
5.960784313725490113e-01,0.000000000000000000e+00,0.000000000000000000e+00,5.112111983436942353e+01,2.244628171920776083e+01,1.362830624126489587e+00
6.039215686274509443e-01,0.000000000000000000e+00,0.000000000000000000e+00,5.197215807662012566e+01,2.281374797821044709e+01,1.371380245388563068e+00
6.078431372549019107e-01,0.000000000000000000e+00,0.000000000000000000e+00,5.295840468052378469e+01,2.324045853932698336e+01,1.387811291537295988e+00
6.117647058823529882e-01,0.000000000000000000e+00,0.000000000000000000e+00,5.319403170410758719e+01,2.334922681172688996e+01,1.404596182277532357e+00
6.156862745098039547e-01,0.000000000000000000e+00,0.000000000000000000e+00,5.467425631420057641e+01,2.398119753519694086e+01,1.405792078407989365e+00
6.196078431372549211e-01,0.000000000000000000e+00,0.000000000000000000e+00,5.601438233271069578e+01,2.455545246124268033e+01,1.407925331775003563e+00
6.274509803921568540e-01,0.000000000000000000e+00,0.000000000000000000e+00,5.739853921902744105e+01,2.515164234161376910e+01,1.420379580868647240e+00
6.313725490196078205e-01,0.000000000000000000e+00,0.000000000000000000e+00,5.828095265657551494e+01,2.553582382202148793e+01,1.436661022982059110e+00
6.352941176470587870e-01,0.000000000000000000e+00,0.000000000000000000e+00,5.951205600222754555e+01,2.607039184570312429e+01,1.445112066233485315e+00
6.392156862745097534e-01,0.000000000000000000e+00,0.000000000000000000e+00,6.003233525518186298e+01,2.630810909271240305e+01,1.466640095592725457e+00
6.470588235294117974e-01,0.000000000000000000e+00,0.000000000000000000e+00,6.056996572503713594e+01,2.654871845245361328e+01,1.490970218074518794e+00
6.509803921568627638e-01,0.000000000000000000e+00,0.000000000000000000e+00,6.111526939562584460e+01,2.679269580841064524e+01,1.508644184885487460e+00
6.549019607843137303e-01,0.000000000000000000e+00,0.000000000000000000e+00,6.230459813353067489e+01,2.730637989044189595e+01,1.512202042971205973e+00
6.588235294117646967e-01,0.000000000000000000e+00,0.000000000000000000e+00,6.303291327361760210e+01,2.762711486816406392e+01,1.534301962356472870e+00
6.627450980392156632e-01,0.000000000000000000e+00,0.000000000000000000e+00,6.379024473564991382e+01,2.795421237945556925e+01,1.545826087707498742e+00
6.666666666666666297e-01,0.000000000000000000e+00,0.000000000000000000e+00,6.464748307677919570e+01,2.832541217803955291e+01,1.553462458941132551e+00
6.705882352941175961e-01,0.000000000000000000e+00,0.000000000000000000e+00,6.647097226026527039e+01,2.910799551010132191e+01,1.560292140565056496e+00
6.745098039215686736e-01,0.000000000000000000e+00,0.000000000000000000e+00,6.712287853084876588e+01,2.939314308166504119e+01,1.575959195072255348e+00
6.784313725490196401e-01,0.000000000000000000e+00,0.000000000000000000e+00,6.803066246447616550e+01,2.978627605438232706e+01,1.578152775270322827e+00
6.823529411764706065e-01,0.000000000000000000e+00,0.000000000000000000e+00,6.917271740410744485e+01,3.028269697825114193e+01,1.590323870646826343e+00
6.862745098039215730e-01,0.000000000000000000e+00,0.000000000000000000e+00,7.024474835214009261e+01,3.075129200617472591e+01,1.607650614345129680e+00
6.901960784313725394e-01,0.000000000000000000e+00,0.000000000000000000e+00,7.025087036517001593e+01,3.076230545043945597e+01,1.621200929321002349e+00
6.941176470588235059e-01,0.000000000000000000e+00,0.000000000000000000e+00,7.121560888353836560e+01,3.117703592300415494e+01,1.625627201527441779e+00
6.980392156862744724e-01,0.000000000000000000e+00,0.000000000000000000e+00,7.183863173739395336e+01,3.144581310272217323e+01,1.637812837311845904e+00
7.019607843137254388e-01,0.000000000000000000e+00,0.000000000000000000e+00,7.244358263043336876e+01,3.171304688771566305e+01,1.655668577935311969e+00
7.058823529411764053e-01,0.000000000000000000e+00,0.000000000000000000e+00,7.319577595984307550e+01,3.204070906956991394e+01,1.664483839413440691e+00
7.098039215686274828e-01,0.000000000000000000e+00,0.000000000000000000e+00,7.411415343074509110e+01,3.244302916844686280e+01,1.682813211887234983e+00
7.137254901960784492e-01,0.000000000000000000e+00,0.000000000000000000e+00,7.507949986859665614e+01,3.286583541234334405e+01,1.704941768068281682e+00
7.176470588235294157e-01,0.000000000000000000e+00,0.000000000000000000e+00,7.645171920485175576e+01,3.345997098286947136e+01,1.716095913225336833e+00
7.215686274509803821e-01,0.000000000000000000e+00,0.000000000000000000e+00,7.757815099591287833e+01,3.394446233113606581e+01,1.721751948787143993e+00
7.254901960784313486e-01,0.000000000000000000e+00,0.000000000000000000e+00,7.874341860209763411e+01,3.444681809743245537e+01,1.734650831734535270e+00
7.294117647058823151e-01,0.000000000000000000e+00,0.000000000000000000e+00,7.994597732701809889e+01,3.496750520070393975e+01,1.743442295274590492e+00
7.372549019607843590e-01,0.000000000000000000e+00,0.000000000000000000e+00,8.098586529385603683e+01,3.541960544586181925e+01,1.755556045822444844e+00
7.411764705882353255e-01,0.000000000000000000e+00,0.000000000000000000e+00,8.207908392501548178e+01,3.589739112854003622e+01,1.771839958226232747e+00
7.450980392156862919e-01,0.000000000000000000e+00,0.000000000000000000e+00,8.322623932992546258e+01,3.640033111572265767e+01,1.783618177046835118e+00
7.490196078431372584e-01,0.000000000000000000e+00,0.000000000000000000e+00,8.460562927281276302e+01,3.699985713958740519e+01,1.792423160007474703e+00
7.529411764705882248e-01,0.000000000000000000e+00,0.000000000000000000e+00,8.552407852612310535e+01,3.739636847178141466e+01,1.798432820541688848e+00
7.568627450980391913e-01,0.000000000000000000e+00,0.000000000000000000e+00,8.669044538938354094e+01,3.790355205535888672e+01,1.805608983144256330e+00
7.607843137254901578e-01,0.000000000000000000e+00,0.000000000000000000e+00,8.748467566724994526e+01,3.824719301859538234e+01,1.807380215536190882e+00
7.647058823529411242e-01,0.000000000000000000e+00,0.000000000000000000e+00,8.850554368369948577e+01,3.869072558085124314e+01,1.822296515941389305e+00
7.686274509803920907e-01,0.000000000000000000e+00,0.000000000000000000e+00,8.932199926891976816e+01,3.904592081705729356e+01,1.837159590381486129e+00
7.725490196078431682e-01,0.000000000000000000e+00,0.000000000000000000e+00,9.078929074982063696e+01,3.968348429361979157e+01,1.844388426398630765e+00
7.764705882352941346e-01,0.000000000000000000e+00,0.000000000000000000e+00,9.228830393641024443e+01,4.033001800537109460e+01,1.853702999325697931e+00
7.803921568627451011e-01,0.000000000000000000e+00,0.000000000000000000e+00,9.467646020118691297e+01,4.135393971761067888e+01,1.864552489067120788e+00
7.843137254901960675e-01,0.000000000000000000e+00,0.000000000000000000e+00,9.598653561616949048e+01,4.191831197102864337e+01,1.867919801538602709e+00
7.882352941176470340e-01,0.000000000000000000e+00,0.000000000000000000e+00,9.805483159556338535e+01,4.280510281880696510e+01,1.872705153328856786e+00
7.921568627450980005e-01,0.000000000000000000e+00,0.000000000000000000e+00,9.914358979155898055e+01,4.328104012807210665e+01,1.895396755072749517e+00
7.960784313725489669e-01,0.000000000000000000e+00,0.000000000000000000e+00,1.000439006462161871e+02,4.367638441721598497e+01,1.913153939853991847e+00
8.000000000000000444e-01,0.000000000000000000e+00,0.000000000000000000e+00,1.003755208756070942e+02,4.383630288441976575e+01,1.940620841077486558e+00
8.039215686274510109e-01,0.000000000000000000e+00,0.000000000000000000e+00,1.017434509787184993e+02,4.442818330128987725e+01,1.953768126803596461e+00
8.078431372549019773e-01,0.000000000000000000e+00,0.000000000000000000e+00,1.020668886033643616e+02,4.458448937733968620e+01,1.976088350545004646e+00
8.117647058823529438e-01,0.000000000000000000e+00,0.000000000000000000e+00,1.034002439028990636e+02,4.515846463521322107e+01,1.984921708595300593e+00
8.156862745098039102e-01,0.000000000000000000e+00,0.000000000000000000e+00,1.046840083586717327e+02,4.571673636118571693e+01,1.994147852733219040e+00
8.196078431372548767e-01,0.000000000000000000e+00,0.000000000000000000e+00,1.058170789106364111e+02,4.620772521972656932e+01,1.998372504289496421e+00
8.235294117647058432e-01,0.000000000000000000e+00,0.000000000000000000e+00,1.067076140475887911e+02,4.659590805053711904e+01,2.009164625700422757e+00
8.274509803921568096e-01,0.000000000000000000e+00,0.000000000000000000e+00,1.081686342223417654e+02,4.722345270792644101e+01,2.012106789913366889e+00
8.313725490196077761e-01,0.000000000000000000e+00,0.000000000000000000e+00,1.092583840908938697e+02,4.769696833292643134e+01,2.015979847170365602e+00
8.352941176470588536e-01,0.000000000000000000e+00,0.000000000000000000e+00,1.105141202060120520e+02,4.823995176951090968e+01,2.025211031985873156e+00
8.392156862745098200e-01,0.000000000000000000e+00,0.000000000000000000e+00,1.119837108739508267e+02,4.887281214396158902e+01,2.028364126727059347e+00
8.431372549019607865e-01,0.000000000000000000e+00,0.000000000000000000e+00,1.136362006860875056e+02,4.959113623301188767e+01,2.043292181042420275e+00
8.470588235294117530e-01,0.000000000000000000e+00,0.000000000000000000e+00,1.148676843760735125e+02,5.012705898284912109e+01,2.053622390419293620e+00
8.509803921568627194e-01,0.000000000000000000e+00,0.000000000000000000e+00,1.161162233864257871e+02,5.067270526885986470e+01,2.067132280396327459e+00
8.549019607843136859e-01,0.000000000000000000e+00,0.000000000000000000e+00,1.178461319208703628e+02,5.141807903289794979e+01,2.075612192817444246e+00
8.588235294117646523e-01,0.000000000000000000e+00,0.000000000000000000e+00,1.190667095535120836e+02,5.195256675720214901e+01,2.092421042581060764e+00
8.627450980392157298e-01,0.000000000000000000e+00,0.000000000000000000e+00,1.204267157112022630e+02,5.254072460174560888e+01,2.102057218204255395e+00
8.666666666666666963e-01,0.000000000000000000e+00,0.000000000000000000e+00,1.220143054554043403e+02,5.322514202117919524e+01,2.107147429912185732e+00
8.705882352941176627e-01,0.000000000000000000e+00,0.000000000000000000e+00,1.235397092343085319e+02,5.388497959136962834e+01,2.114606589286725402e+00
8.745098039215686292e-01,0.000000000000000000e+00,0.000000000000000000e+00,1.247366972364333719e+02,5.440562374114990263e+01,2.118796313361057670e+00
8.784313725490195957e-01,0.000000000000000000e+00,0.000000000000000000e+00,1.263694992150350913e+02,5.510931716918946677e+01,2.120920620368035525e+00
8.823529411764705621e-01,0.000000000000000000e+00,0.000000000000000000e+00,1.279624824493308211e+02,5.579723831176757898e+01,2.121075234185154201e+00
8.862745098039215286e-01,0.000000000000000000e+00,0.000000000000000000e+00,1.290272210492373972e+02,5.626134780883789688e+01,2.125789215976968904e+00
8.901960784313724950e-01,0.000000000000000000e+00,0.000000000000000000e+00,1.310469191330189176e+02,5.712477474212647621e+01,2.125789215976968904e+00
8.941176470588234615e-01,0.000000000000000000e+00,0.000000000000000000e+00,1.325579580396537267e+02,5.777706572214762559e+01,2.125789215976968904e+00
8.980392156862745390e-01,0.000000000000000000e+00,0.000000000000000000e+00,1.339907688631022609e+02,5.839830153147379832e+01,2.133473994679492503e+00
9.019607843137255054e-01,0.000000000000000000e+00,0.000000000000000000e+00,1.355185129194006208e+02,5.906371348063150606e+01,2.144007925226124822e+00
9.058823529411764719e-01,0.000000000000000000e+00,0.000000000000000000e+00,1.374746425940298593e+02,5.991027342478434292e+01,2.152432599603292918e+00
9.098039215686274384e-01,0.000000000000000000e+00,0.000000000000000000e+00,1.390257189113190179e+02,6.058348757425944342e+01,2.163470606159827891e+00
9.137254901960784048e-01,0.000000000000000000e+00,0.000000000000000000e+00,1.406577248007508842e+02,6.129674549102783487e+01,2.182699687626881158e+00
9.176470588235293713e-01,0.000000000000000000e+00,0.000000000000000000e+00,1.425877168315613233e+02,6.213006290435790646e+01,2.182699687626881158e+00
9.215686274509803377e-01,0.000000000000000000e+00,0.000000000000000000e+00,1.443494577509602550e+02,6.289131423950195199e+01,2.185810095283163168e+00
9.254901960784314152e-01,0.000000000000000000e+00,0.000000000000000000e+00,1.462653349044942672e+02,6.371773693084717394e+01,2.185810095283163168e+00
9.294117647058823817e-01,0.000000000000000000e+00,0.000000000000000000e+00,1.480131398292130029e+02,6.447168590545653899e+01,2.185810095283163168e+00
9.333333333333333481e-01,0.000000000000000000e+00,0.000000000000000000e+00,1.497102784198009715e+02,6.520115997314454148e+01,2.185810095283163168e+00
9.372549019607843146e-01,0.000000000000000000e+00,0.000000000000000000e+00,1.513404124738056566e+02,6.590495536804199617e+01,2.185810095283163168e+00
9.411764705882352811e-01,0.000000000000000000e+00,0.000000000000000000e+00,1.529355959996168508e+02,6.659104331970215185e+01,2.185810095283163168e+00
9.450980392156862475e-01,0.000000000000000000e+00,0.000000000000000000e+00,1.540576640429638928e+02,6.708225440979003906e+01,2.186031415261097344e+00
9.490196078431372140e-01,0.000000000000000000e+00,0.000000000000000000e+00,1.546687416905339205e+02,6.735938224792479900e+01,2.190310479862426440e+00
9.529411764705881804e-01,0.000000000000000000e+00,0.000000000000000000e+00,1.557714137593675616e+02,6.783789215087891478e+01,2.190310479862426440e+00
9.568627450980391469e-01,0.000000000000000000e+00,0.000000000000000000e+00,1.567094334072918969e+02,6.824552970886230696e+01,2.190310479862426440e+00
9.607843137254902244e-01,0.000000000000000000e+00,0.000000000000000000e+00,1.576761415547803153e+02,6.866279899597168423e+01,2.190310479862426440e+00
9.647058823529411908e-01,0.000000000000000000e+00,0.000000000000000000e+00,1.587019235501600747e+02,6.910071464538575015e+01,2.190310479862426440e+00
9.686274509803921573e-01,0.000000000000000000e+00,0.000000000000000000e+00,1.600942438752291821e+02,6.969311149597167798e+01,2.190310479862426440e+00
9.725490196078431238e-01,0.000000000000000000e+00,0.000000000000000000e+00,1.610638747436392748e+02,7.011218536376954091e+01,2.190310479862426440e+00
9.764705882352940902e-01,0.000000000000000000e+00,0.000000000000000000e+00,1.618232694524287183e+02,7.044026939392091435e+01,2.190310479862426440e+00
9.803921568627450567e-01,0.000000000000000000e+00,0.000000000000000000e+00,1.624206727036780933e+02,7.070025138854981606e+01,2.190310479862426440e+00
9.843137254901960231e-01,0.000000000000000000e+00,0.000000000000000000e+00,1.630256784589403196e+02,7.096013694763183821e+01,2.190310479862426440e+00
9.882352941176471006e-01,0.000000000000000000e+00,0.000000000000000000e+00,1.633035269583108686e+02,7.108712219238282159e+01,2.190310479862426440e+00
9.921568627450980671e-01,0.000000000000000000e+00,0.000000000000000000e+00,1.635962997803597432e+02,7.121237752278645416e+01,2.190310479862426440e+00
9.960784313725490335e-01,0.000000000000000000e+00,0.000000000000000000e+00,1.638023062080862928e+02,7.130142107645671956e+01,2.190310479862426440e+00
1.000000000000000000e+00,0.000000000000000000e+00,0.000000000000000000e+00,1.638440696546717277e+02,7.132031990051270043e+01,2.190310479862426440e+00
