intensity_in,R_out,G_out,B_out,X_R,X_G,X_B,Y_R,Y_G,Y_B,Z_R,Z_G,Z_B
0.000000000000000000e+00,7.843137254901960675e-03,3.921568627450980338e-03,1.176470588235294101e-02,7.510711976460048289e-01,0.000000000000000000e+00,0.000000000000000000e+00,0.000000000000000000e+00,6.985117878232683930e-01,0.000000000000000000e+00,0.000000000000000000e+00,0.000000000000000000e+00,8.227057882717677684e-01
3.921568627450980338e-03,9.555782406751249514e-02,9.834033258104846187e-02,1.082556482286082117e-01,5.804289978419737928e+00,8.000675417115425958e-01,1.453600149933940155e+00,2.775306552475302002e+00,5.403928131613062291e+00,1.194843811325944971e+00,5.611125121824835915e-01,2.293415506023396055e+00,8.404728925408591067e+00
7.843137254901960675e-03,1.348080054026299934e-01,1.302091193684941361e-01,1.410796206223136062e-01,9.599565367840554586e+00,1.001567318924593941e+00,2.544140332171422880e+00,4.097635612850532461e+00,8.162624742172978287e+00,2.088455517437718623e+00,-3.926716603391972732e-02,2.838439596753667526e+00,1.114454180407577510e+01
1.176470588235294101e-02,1.550710879295481848e-01,1.523186413646573367e-01,1.843310623899636069e-01,1.292637258195813033e+01,2.569405042283330332e+00,2.991527024122229150e+00,5.343298591734848557e+00,1.046669176429942993e+01,2.405012234075283306e+00,-2.407578850715587082e-01,4.495431503505340487e+00,1.686527510907901473e+01
1.568627450980392135e-02,1.784329423634745670e-01,1.697308979591003186e-01,1.998818959000887574e-01,1.438667537661847362e+01,3.186479138841626035e+00,3.630487289448207200e+00,6.191615477706088555e+00,1.252392100900729410e+01,2.957202689929459449e+00,2.017665559845152334e-01,5.447809866148413782e+00,1.848134869584781015e+01
1.960784313725490169e-02,1.952660526316471468e-01,1.775428976841154083e-01,2.297084103149635848e-01,1.578094843818432835e+01,3.114576112940440122e+00,3.978979375039058741e+00,7.064716490080974687e+00,1.496607571012001259e+01,3.216530466894260698e+00,8.402521273202939733e-01,5.915721478170382852e+00,2.422811762764155574e+01
2.352941176470588203e-02,2.124547230476145632e-01,2.028909710870536454e-01,2.461838305973309826e-01,1.764090984158047348e+01,4.313728551868185157e+00,4.469224532805596617e+00,7.800166678968533773e+00,1.561158998439848133e+01,3.601523780764203764e+00,7.108471288857300951e-01,6.821185461843554343e+00,2.795514552990029244e+01
2.745098039215686236e-02,2.263739779397992702e-01,2.156114286989109785e-01,2.617532381212253068e-01,1.969134882156044597e+01,4.329256285010183447e+00,4.909813738660570692e+00,8.540642838096992762e+00,1.725311431957121044e+01,3.951850788232981415e+00,4.407360463761985647e-01,7.292463926994108725e+00,3.080565409476666971e+01
3.137254901960784270e-02,2.378242900235364998e-01,2.250391191606559704e-01,2.755807983054988086e-01,2.108346864714161129e+01,4.359950343854181121e+00,5.305795355441192740e+00,9.290793363125281701e+00,1.889179416233059428e+01,4.289785673446524505e+00,8.117077166429595980e-01,7.754452308784801851e+00,2.979177336529816245e+01
3.529411764705882304e-02,2.454133065762138244e-01,2.361972473701088315e-01,2.931783128645554237e-01,2.311632955190120597e+01,4.817928827484101895e+00,5.597504194964258772e+00,1.012892663375721547e+01,2.024924871316466479e+01,4.536336154981193580e+00,7.691649163693926594e-01,8.343670260417672679e+00,3.155426464034209033e+01
3.921568627450980338e-02,2.496596855274240967e-01,2.467439603222619238e-01,2.992483879012977077e-01,2.571718329609799980e+01,5.230831484341269544e+00,6.083583606369266761e+00,1.106294119269179177e+01,2.153747102919324874e+01,4.938132535729018890e+00,4.006782773044030299e-01,8.919620679411245590e+00,3.703846151177565105e+01
4.313725490196078372e-02,2.539060644786343413e-01,2.572906732744150160e-01,3.012654778086559793e-01,2.823104257943217732e+01,5.609883199431813239e+00,6.680551768052361616e+00,1.196571443589546746e+01,2.272008119214374133e+01,5.395576793064400078e+00,4.451693587372380218e-02,9.448353034364702197e+00,4.441488923271220557e+01
4.705882352941176405e-02,2.581524434298446136e-01,2.678373862265680527e-01,3.269555990689311242e-01,3.066220034729568056e+01,5.959082848764074569e+00,6.396283311074428823e+00,1.283878803925283485e+01,2.380955536613721790e+01,5.197417950620197402e+00,-2.999273285973724779e-01,9.935445284814656830e+00,3.642637026339438933e+01
5.098039215686274439e-02,2.949763226034223251e-01,2.783840991787211450e-01,3.471452300133605617e-01,2.778790168193214072e+01,6.281823311128652776e+00,6.753613610903329345e+00,1.217237205087764274e+01,2.481647905383644925e+01,5.486328410856891935e+00,8.989215525022835607e-01,1.038563009578175311e+01,3.876715944103474243e+01
5.490196078431372473e-02,3.008604068475429494e-01,2.921213219179035758e-01,3.544793204974133749e-01,2.957197397884861445e+01,6.596874362282896698e+00,7.174295474390522287e+00,1.285233450078253448e+01,2.546865530749466799e+01,5.836220510355257574e+00,6.553909036716986103e-01,1.090779346461516930e+01,4.207182253589198240e+01
5.882352941176470507e-02,3.063759591626051826e-01,3.001457312106123321e-01,3.566368334169574550e-01,3.131168809010035758e+01,6.849510536177017883e+00,7.626347655984220708e+00,1.352245665778530004e+01,2.655830323973583518e+01,6.215264642192141586e+00,4.454469876221511804e-01,1.131738804939068288e+01,4.579502342531274195e+01
6.274509803921568540e-02,3.097448166811679893e-01,3.074063498349205448e-01,3.587943463365014796e-01,3.314045094779194756e+01,7.102773692933105565e+00,8.072963250117416223e+00,1.426707545272697963e+01,2.765975862202149571e+01,6.589750214955476082e+00,3.813765550119312953e-01,1.170457346255800779e+01,4.947344738832426003e+01
6.666666666666666574e-02,3.131136741997308515e-01,3.149158675603971891e-01,3.609518592560455597e-01,3.492986169785967832e+01,7.331874647077012419e+00,8.514239744923637332e+00,1.499567121940447123e+01,2.868769235098913128e+01,6.959758972095334784e+00,3.186848175939167027e-01,1.206491793275719537e+01,5.310789735857056115e+01
7.058823529411764608e-02,3.164825317182936582e-01,3.240959797303874512e-01,3.631093721755895842e-01,3.668117701291915722e+01,7.467884906904444620e+00,8.950272311527557534e+00,1.570875563818394305e+01,2.951481725469717077e+01,7.325370714258188976e+00,2.573277480313810317e-01,1.234823127914581953e+01,5.669915718630271328e+01
7.450980392156862642e-02,3.198513892368565203e-01,3.328033438769045782e-01,3.652668850951336643e-01,3.839560062161093157e+01,7.657253000554656630e+00,9.381153872474092381e+00,1.640681883219207648e+01,3.033941181842805790e+01,7.686663356664446667e+00,1.972631738718259309e-01,1.268165634955007981e+01,6.024799220197585470e+01
7.843137254901960675e-02,3.232202467554193270e-01,3.408603938254022303e-01,3.674243980146777444e-01,4.007428606772087676e+01,7.919151388248735657e+00,9.806975167746609046e+00,1.709033049074924548e+01,3.118133402023363487e+01,8.043712984464491456e+00,1.384506808816147461e-01,1.308707517977434875e+01,6.375514975998957823e+01
8.235294117647058709e-02,3.602811784089228753e-01,3.489174437738999379e-01,4.199079263939281548e-01,3.696588591210947783e+01,8.168954488483068488e+00,9.098071802355622850e+00,1.604552662719392941e+01,3.198437361898372444e+01,7.390261117063235297e+00,7.298870057489992291e-01,1.347377049918844705e+01,5.424125752016178836e+01
8.627450980392156743e-02,3.707608661641896841e-01,3.608992459062480007e-01,4.310099580844840017e-01,3.752443785179963953e+01,8.295901433268928926e+00,9.296733717923196139e+00,1.637052625986257581e+01,3.184794122908025571e+01,7.542753897566426780e+00,9.337561251059920409e-01,1.349478579311296755e+01,5.430699990707540792e+01
9.019607843137254777e-02,3.797444352447736371e-01,3.689141101225532626e-01,4.415172990354835902e-01,3.812338056645474893e+01,8.671963596750739356e+00,9.471523362716910199e+00,1.672843990461559116e+01,3.313170661647662740e+01,7.697942682455391150e+00,1.073386632811527353e+00,1.405475464468503688e+01,5.545380098142326375e+01
9.411764705882352811e-02,3.846796846058850861e-01,3.758721493768827915e-01,4.514824347068501220e-01,3.979753553547170952e+01,8.778938227886737167e+00,9.667422263733673304e+00,1.723181460131766585e+01,3.393222449205043034e+01,7.855339230742048429e+00,7.891263675261501742e-01,1.429985980844409532e+01,5.583516373740942385e+01
9.803921568627450844e-02,3.907505204933702236e-01,3.828301886312122648e-01,4.582039076298674574e-01,4.073362222369432573e+01,8.882024274972858180e+00,9.920873673873185083e+00,1.767093243848078643e+01,3.470364312222798731e+01,8.062612386937292541e+00,8.578687342265955973e-01,1.453605527071397852e+01,5.820847896101115992e+01
1.019607843137254888e-01,3.968213563808553057e-01,3.880918560436307230e-01,4.626976017205783887e-01,4.164106716383921736e+01,9.188160035978089724e+00,1.019734967925500335e+01,1.809661444472493841e+01,3.560246399714804255e+01,8.303681080620457067e+00,9.245077684322284828e-01,1.494394982980162467e+01,6.032516912017272404e+01
1.058823529411764691e-01,4.009625022032225483e-01,3.929366240948933275e-01,4.702068945746770701e-01,4.279937084579735540e+01,9.356321147938729155e+00,1.041327171138917329e+01,1.859854747214009052e+01,3.651594059255091906e+01,8.485341639068526121e+00,9.218363063697707638e-01,1.525843578388656141e+01,6.130054176836743807e+01
1.098039215686274495e-01,4.029828356993976346e-01,3.953110802519272382e-01,4.827498270119258139e-01,4.424565574246048527e+01,9.561299076284713649e+00,1.051938101789445490e+01,1.919068627394606352e+01,3.764092446462865382e+01,8.570979687715935214e+00,8.452542691371072170e-01,1.564453865049317827e+01,6.095765616108046459e+01
1.137254901960784298e-01,4.048781568823394128e-01,3.976855364089611489e-01,4.900617999038159867e-01,4.570098781286679213e+01,9.763829286222771131e+00,1.073192797278087163e+01,1.978302380470862332e+01,3.875247448187857913e+01,8.744635436723854127e+00,7.823360334413382855e-01,1.602603091779492317e+01,6.246784667160346771e+01
1.176470588235294101e-01,4.066649785153522156e-01,4.118296727569411009e-01,4.964560555188642921e-01,4.716343491492470008e+01,9.969115613741557524e+00,1.096387415704330159e+01,2.037527619854939331e+01,3.863794569631366471e+01,8.929661653630725837e+00,7.311375744443968649e-01,1.617147352373655167e+01,6.408964143050778262e+01
1.215686274509803905e-01,4.170364535683499518e-01,4.144010079350683440e-01,5.037143229185930826e-01,4.740962357921910808e+01,1.005606913628006183e+01,1.116835843720452282e+01,2.053083903381543607e+01,3.972961420985031822e+01,9.094356092939406722e+00,8.534881172971340302e-01,1.642301515706455106e+01,6.509968060361325115e+01
1.254901960784313708e-01,4.396173235791871470e-01,4.177483683325570740e-01,5.101418862515506580e-01,4.603782559156826437e+01,1.020212649950636496e+01,1.138114990272115890e+01,2.010454289973083419e+01,4.070768950815762111e+01,9.269441246115999178e+00,1.189888390974172427e+00,1.673801946062660662e+01,6.629104083343960951e+01
1.294117647058823373e-01,4.418712715049715190e-01,4.218712699981919667e-01,5.122408882493046933e-01,4.727157461547145800e+01,1.040503794877304777e+01,1.166377426861634703e+01,2.062705355846528477e+01,4.156954077579938200e+01,9.519941054518396228e+00,1.118671511888764236e+00,1.711319685923427159e+01,6.855419329131456152e+01
1.333333333333333315e-01,4.459369903430537851e-01,4.318993938870633320e-01,5.166740395637413608e-01,4.833433833109441480e+01,1.072648202402407946e+01,1.190232304908921712e+01,2.105835494376377071e+01,4.174887788407453826e+01,9.724266166238594522e+00,1.047171284862592033e+00,1.741745780933191412e+01,7.015959113989924845e+01
1.372549019607843257e-01,4.527155188471997382e-01,4.327806681979355918e-01,5.267472988405377254e-01,4.906947322369049402e+01,1.092952176650091367e+01,1.203575176552861414e+01,2.135313693626246234e+01,4.290212068245057253e+01,9.818842381050789214e+00,1.048543737765639694e+00,1.779293039051521674e+01,7.021243512754776361e+01
1.411764705882352922e-01,4.559216022394550483e-01,4.336619425088077961e-01,5.316575448252900404e-01,5.016437336833468663e+01,1.113173628687919070e+01,1.225257296756389458e+01,2.180877909753160893e+01,4.405067631253822213e+01,1.000610557264573153e+01,1.049348049463761257e+00,1.816687692429708179e+01,7.177276347562921899e+01
1.450980392156862586e-01,4.573091209512780142e-01,4.345432168196800560e-01,5.423519264646042837e-01,5.152669306961652751e+01,1.133313060592789867e+01,1.235754389047195900e+01,2.234657058598072155e+01,4.519457329173810223e+01,1.008126656378402686e+01,9.528809686460725237e-01,1.853930669536764597e+01,7.175964706659969750e+01
1.490196078431372528e-01,4.586966396631009801e-01,4.354244911305523158e-01,5.471668039061023947e-01,5.288077096612560979e+01,1.153370970376903593e+01,1.255799363807763847e+01,2.288110852649091598e+01,4.633383990658048646e+01,1.026262397872201682e+01,8.569974974218946828e-01,1.891022891325029320e+01,7.339699774788671505e+01
1.529411764705882470e-01,4.732445497437683390e-01,4.363057654414245756e-01,5.530945760688688040e-01,5.192940076389660931e+01,1.173347852028809690e+01,1.274176264068524844e+01,2.262594931532342102e+01,4.746850421505693873e+01,1.041980925422389070e+01,1.152014321689407872e+00,1.927965271306083750e+01,7.453950970116426333e+01
1.568627450980392135e-01,4.791186223500472630e-01,4.371870397522967799e-01,5.590223482316351022e-01,5.297994347112364011e+01,1.193244195553963216e+01,1.292163433656985383e+01,2.305876073552327554e+01,4.859859404892367252e+01,1.057366100109864249e+01,1.116445499949867193e+00,1.964758715625741559e+01,7.565779167303344366e+01
1.607843137254901800e-01,4.840687023785777421e-01,4.380683140631690398e-01,5.655413453625551812e-01,5.377466751920755428e+01,1.213060487014787014e+01,1.311336643851372408e+01,2.339353621289191665e+01,4.972413701597719182e+01,1.071307283185693748e+01,1.106930786813458356e+00,2.001404123138140889e+01,7.662565592308833118e+01
1.647058823529411742e-01,4.869191394948991225e-01,4.389495883740412996e-01,5.675295852976395272e-01,5.484067998533053867e+01,1.232797208570256409e+01,1.337186746583016372e+01,2.382382375145876097e+01,5.084516050230254791e+01,1.093592052843630036e+01,1.068681712184907262e+00,2.037902385478941625e+01,7.859185322503026327e+01
1.686274509803921684e-01,4.897695766112205584e-01,4.629537565745722172e-01,5.695178252327237622e-01,5.589428416133095112e+01,1.166965621838003031e+01,1.362856359067296985e+01,2.424910278141587128e+01,4.577387365275792064e+01,1.115721226075906181e+01,1.030877853376990005e+00,1.891081452115252759e+01,8.054432217002613470e+01
1.725490196078431349e-01,4.999388638060730528e-01,4.632526714936817114e-01,5.715060651678081083e-01,5.542488431571707252e+01,1.195805893032540723e+01,1.388347365052819171e+01,2.415501507339210363e+01,4.717998970886729637e+01,1.137696426818186346e+01,1.278854338368052623e+00,1.938092860437382470e+01,8.248320603879952273e+01
1.764705882352941013e-01,5.021727631668279068e-01,4.635515864127912056e-01,5.889575608545303265e-01,5.661555581312590846e+01,1.224608969715900031e+01,1.378561072080226424e+01,2.465492761007445921e+01,4.858429233544914183e+01,1.129075733890071653e+01,1.255366308472834591e+00,1.985043639428375783e+01,8.019199954269383568e+01
1.803921568627450955e-01,5.044066625275827054e-01,4.638505013319006998e-01,5.919321381319161413e-01,5.779568089830615918e+01,1.253374923794833329e+01,1.400908963465009016e+01,2.515041215490384729e+01,4.998678503833863829e+01,1.148366389435753021e+01,1.232086324580440984e+00,2.031933906300640658e+01,8.202120970739665040e+01
1.843137254901960898e-01,5.077298581345018880e-01,4.641494162510101940e-01,5.987754080157340342e-01,5.880627609191689231e+01,1.282103826990858764e+01,1.415560177686809595e+01,2.556725936469842964e+01,5.138747131433991200e+01,1.159921140657269945e+01,1.182042966912434823e+00,2.078763777964645953e+01,8.225470631077004668e+01
1.882352941176470562e-01,5.105002170095439551e-01,4.644483311701196881e-01,6.020732478594249537e-01,5.978487489811607958e+01,1.310795750840857465e+01,1.436291998810019521e+01,2.596954432204693575e+01,5.278635465125501725e+01,1.178111697854982864e+01,1.128956140731839364e+00,2.125533371029888841e+01,8.391091841328187684e+01
1.921568627450980227e-01,5.116251469831866183e-01,4.647472460892291823e-01,6.050371636447356982e-01,6.093571726175309067e+01,1.339450766697667028e+01,1.458236663028766600e+01,2.645228666683630436e+01,5.418343852791288384e+01,1.196764201908590763e+01,1.105863307065572121e+00,2.172242801805862555e+01,8.564419781791427511e+01
1.960784313725490169e-01,5.127500769568291705e-01,4.650461610083386765e-01,6.077205512386018027e-01,6.208150992524193157e+01,1.368068945730672326e+01,1.481196396637832358e+01,2.693291082049278984e+01,5.557872641419820781e+01,1.215795810712738323e+01,1.082871800817613028e+00,2.218892186303025937e+01,8.708438097530934385e+01
2.000000000000000111e-01,5.138750069304718338e-01,4.653450759274481707e-01,6.188958965670143808e-01,6.322228605166102966e+01,1.396650358926395796e+01,1.482883068734699350e+01,2.741143069388962061e+01,5.697222177108011465e+01,1.217719145442616480e+01,1.059980956536741514e+00,2.265481640233755556e+01,8.662707560620160052e+01
2.039215686274509776e-01,5.149999369041143860e-01,4.656439908465577204e-01,6.241995870227698973e-01,6.435807851433237659e+01,1.425195077089083640e+01,1.498576907143523407e+01,2.788786007635628650e+01,5.836392805064086531e+01,1.231046415708529551e+01,1.037190114585999856e+00,2.312011279013310983e+01,8.723614082060437624e+01
2.078431372549019440e-01,5.161248668777569382e-01,4.659429057656672146e-01,6.295032774785255247e-01,6.548891989997916596e+01,1.453703170841291303e+01,1.514006298125428174e+01,2.836221263700305784e+01,5.975384869610424943e+01,1.244149116163166013e+01,1.014498621079328089e+00,2.358481217760781234e+01,8.783494304359747673e+01
2.117647058823529382e-01,5.172497968513996014e-01,4.662418206847767088e-01,6.347445836870639901e-01,6.661484251184242567e+01,1.482174710624464531e+01,1.529536004807600591e+01,2.883450192602828466e+01,6.114198714186407102e+01,1.257156419779285450e+01,9.919058278190271416e-01,2.404891571300037967e+01,8.867357135540488855e+01
2.156862745098039325e-01,5.183747268250421536e-01,4.665407356038862030e-01,6.396141412945621774e-01,6.773587837275681522e+01,1.510609766699520939e+01,1.545777990669482627e+01,2.930474137600866769e+01,6.252834681351239254e+01,1.270688775990686281e+01,9.694110922340396508e-01,2.451242454160679074e+01,8.972886579327725087e+01
2.196078431372548989e-01,5.194996567986848168e-01,5.350579856294279679e-01,6.424323379492337116e-01,6.885205922818673230e+01,1.412190669884903826e+01,1.566498624002100293e+01,2.977294430317272145e+01,5.516706632293581691e+01,1.288116652027738418e+01,9.470137773190275832e-01,2.264671020801069190e+01,9.134909105376843286e+01
2.235294117647058654e-01,5.206245867723273690e-01,5.377444236743025296e-01,6.452505346039052458e-01,6.996341654922285613e+01,1.436710434777405787e+01,1.587038258431473103e+01,3.023912390865779187e+01,5.633005528224792613e+01,1.305392292059358361e+01,9.247132515742441106e-01,2.304540547622050539e+01,9.295516332045626484e+01
2.274509803921568596e-01,5.217495167459699212e-01,5.396069544892854175e-01,6.474540641503510052e-01,7.106998153553996644e+01,1.452418829738771855e+01,1.608528240760675487e+01,3.070329327975076339e+01,5.712045952442028351e+01,1.323773227757028970e+01,9.025088889461786446e-01,2.331049876819504263e+01,9.453265773830166552e+01
2.313725490196078538e-01,5.228744467196125845e-01,5.414694853042683054e-01,6.485570023332704048e-01,7.217178511831670562e+01,1.468019158149894210e+01,1.631928644652330362e+01,3.116546539111278236e+01,5.790542614804793686e+01,1.344306876949418239e+01,8.804000687689734761e-01,2.357376833994693754e+01,9.607597047456430062e+01
2.352941176470588203e-01,5.239993766932551367e-01,5.433320161192511932e-01,6.496599405161896934e-01,7.326885796311755428e+01,1.483512531360411657e+01,1.655249594056065732e+01,3.162565310598817447e+01,5.868501107325965194e+01,1.364770805525477293e+01,8.583861757065915921e-01,2.383523294650079904e+01,9.761404299686621755e+01
2.392156862745097867e-01,5.251243066668977999e-01,5.530448161628920278e-01,6.507628786991089820e-01,7.436123047273788700e+01,1.478503596423713162e+01,1.678491492959530618e+01,3.208386917739784394e+01,5.797546008384253469e+01,1.385165367980825124e+01,8.364665996957264538e-01,2.367087487964046488e+01,9.914690194916138921e+01
2.431372549019607809e-01,5.787854622190108378e-01,5.550449890348216897e-01,6.715009377271304869e-01,6.793259094556259470e+01,1.497003314625185411e+01,1.655576309219803122e+01,2.958646634495169536e+01,5.905796180203154933e+01,1.364393454830010022e+01,1.426170479410419079e+00,2.400635976521102322e+01,9.648561076775932577e+01
2.470588235294117752e-01,5.830681608864903831e-01,5.573684895909224446e-01,6.759779145343500772e-01,6.852310383872452348e+01,1.514690447471635437e+01,1.671089689325473415e+01,2.984284652818679717e+01,6.006747470799388822e+01,1.377217726105757123e+01,1.459559438934933562e+00,2.432480264775113810e+01,9.747575621299479565e+01
2.509803921568627416e-01,5.851047865781680013e-01,5.629139018911089032e-01,6.797913900059964210e-01,6.939434885561365718e+01,1.525427523104533378e+01,1.687529730717742282e+01,3.021101704893283113e+01,6.041979355454179768e+01,1.391229812943005406e+01,1.458469299647488393e+00,2.449450096692539347e+01,9.850734653761307413e+01
2.549019607843137081e-01,5.862202711752301232e-01,5.684593141912952508e-01,6.828003892970905264e-01,7.037980128347379605e+01,1.535955114928137277e+01,1.705171855409189163e+01,3.062467916479888075e+01,6.076523854673828851e+01,1.406741040895887984e+01,1.443417539298921470e+00,2.466088841714921998e+01,9.959445055696770055e+01
2.588235294117646745e-01,5.873357557722922451e-01,5.771765589630818427e-01,6.858093885881846319e-01,7.136151051336375417e+01,1.549640775408841264e+01,1.722659169911177557e+01,3.103677000320021051e+01,6.061101158179819492e+01,1.422116157344055409e+01,1.428422952404081903e+00,2.475039521898255401e+01,1.006720152049517338e+02
2.627450980392156965e-01,5.884512403693543670e-01,5.798659044635032789e-01,6.896131372676769233e-01,7.233949783241516229e+01,1.564871668308225594e+01,1.738945241755287796e+01,3.144729849980907233e+01,6.130532692811477347e+01,1.435700454167536932e+01,1.413485213824184905e+00,2.496860706542261354e+01,1.012702886850552915e+02
2.666666666666666630e-01,5.895667249664164888e-01,5.825552499639248261e-01,6.930569157338996034e-01,7.331378436665522713e+01,1.579961935461677847e+01,1.754962711133844167e+01,3.185627352267109913e+01,6.199323171044586189e+01,1.449888390936305349e+01,1.398604000881150444e+00,2.518480417747516498e+01,1.023930328861994070e+02
2.705882352941176294e-01,5.906822095634786107e-01,5.883151051966651890e-01,6.964131900088638139e-01,7.428439108252771916e+01,1.591750976292573938e+01,1.770841688252727764e+01,3.226370387284381991e+01,6.232758918797316028e+01,1.464119969314945280e+01,1.383778993334367380e+00,2.538851359719509304e+01,1.036111389803010212e+02
2.745098039215686514e-01,5.917976941605407326e-01,5.889153045997563840e-01,6.994513327054017182e-01,7.525133878839716317e+01,1.608876512938088510e+01,1.787313530146501606e+01,3.266959828502800889e+01,6.316644513894207336e+01,1.478887367890078863e+01,1.369009873357721618e+00,2.565816335902811929e+01,1.047844710013268070e+02
2.784313725490196179e-01,5.936276666669781932e-01,5.895155040028475790e-01,7.021905067357905317e-01,7.613436075722363228e+01,1.625967177771742556e+01,1.804347731730314663e+01,3.303415773434529967e+01,6.400359297252431645e+01,1.494162926347094533e+01,1.340912998035291626e+00,2.592726404751194380e+01,1.059171603659615215e+02
2.823529411764705843e-01,5.957969439175316850e-01,5.901157034059387740e-01,7.049296807661794562e-01,7.697351219100490027e+01,1.643023077196604831e+01,1.821249552329527077e+01,3.337745723787814711e+01,6.483903790063526174e+01,1.509319771082254213e+01,1.306679845673407225e+00,2.619581733801375023e+01,1.070410470560125020e+02
2.862745098039215508e-01,5.979662211680850659e-01,5.907159028090299691e-01,7.076688547965683806e-01,7.780657514670620856e+01,1.660044317183299611e+01,1.838020529165479644e+01,3.371826592578703696e+01,6.567278511400790819e+01,1.524359280611265532e+01,1.272695072554378193e+00,2.646382489909168001e+01,1.081562332890244846e+02
2.901960784313725172e-01,6.001354984186384467e-01,5.913161022121211641e-01,7.104080288269573051e-01,7.863361564740245058e+01,1.677031003272200849e+01,1.854662175750789999e+01,3.405661080832057763e+01,6.650483978230046489e+01,1.539282812188845995e+01,1.238955985269253768e+00,2.673128839252937539e+01,1.092628197060305695e+02
2.941176470588235392e-01,6.023047756691918275e-01,5.919163016152123591e-01,7.131472028573462296e-01,7.945469876500656881e+01,1.693983240575612470e+01,1.871175982344674438e+01,3.439251850660398446e+01,6.733520705420306740e+01,1.554091702217037607e+01,1.205459929211702530e+00,2.699820947337031285e+01,1.103609054018287594e+02
2.980392156862745057e-01,6.149603278396433836e-01,6.004597519750498602e-01,7.139584183751727098e-01,7.582264589232831042e+01,1.638624868850413208e+01,1.892073153722018475e+01,3.295070002910729556e+01,6.430155726051022214e+01,1.573023587257899969e+01,1.408986635349243732e+00,2.614510631618637149e+01,1.117020807082678431e+02
3.019607843137254721e-01,6.275076348129010606e-01,6.012270308815340636e-01,7.142536818064226800e-01,7.730097735669183123e+01,1.660499569083780358e+01,1.914147588016266610e+01,3.361844235314665497e+01,6.530407952489289869e+01,1.593062441839074772e+01,1.492834328058986193e+00,2.646958000580878334e+01,1.131086356185878401e+02
3.058823529411764941e-01,6.368406745449992634e-01,6.019943097880181559e-01,7.145489452376725392e-01,7.750317501368829198e+01,1.682318508005780444e+01,1.936203779268506509e+01,3.373528706168826830e+01,6.630404623626040461e+01,1.613084735648587298e+01,1.595634748008465387e+00,2.679322657193946711e+01,1.145140281054466129e+02
3.098039215686274606e-01,6.390756718172749817e-01,6.027615886945023593e-01,7.148442086689223984e-01,7.851093807881790099e+01,1.704081898558704822e+01,1.958241750084376065e+01,3.413690653898446214e+01,6.730146715380426770e+01,1.633090489207510743e+01,1.535733348809704690e+00,2.711604917321237807e+01,1.159182596092467321e+02
3.137254901960784270e-01,6.409957533909609317e-01,6.035288676009864517e-01,7.151394721001723687e-01,7.929474074653074922e+01,1.725789952601973098e+01,1.980261523032179838e+01,3.447099803160433140e+01,6.829635198708768939e+01,1.653079723003028434e+01,1.511439830245538074e+00,2.743805095219893531e+01,1.173213315680119138e+02
3.176470588235293935e-01,6.428947881329992731e-01,6.042961465074705441e-01,7.154347355314222279e-01,8.005942441419151123e+01,1.747442880919007635e+01,2.002263120642967209e+01,3.479878948823569829e+01,6.928871039636074158e+01,1.673052457488503819e+01,1.489636717574834179e+00,2.775923503550997751e+01,1.187232454173919791e+02
3.215686274509803599e-01,6.510844287118460194e-01,6.050634254139547474e-01,7.157299989626721981e-01,7.993667737397269946e+01,1.769040893224055822e+01,2.024246565410606280e+01,3.478528503907015335e+01,7.027855199287292010e+01,1.693008713083547079e+01,1.620525192467554110e+00,2.807960453389694777e+01,1.201240025906676436e+02
3.254901960784313819e-01,6.519540925865424663e-01,6.058307043204389508e-01,7.160252623939220573e-01,8.083466677274780920e+01,1.790584198168960128e+01,2.046211879791865229e+01,3.516252868083076066e+01,7.126588633918352400e+01,1.712948510174090089e+01,1.601892531473907644e+00,2.839916254235235726e+01,1.215236045187556186e+02
3.294117647058823484e-01,6.528237564612389132e-01,6.065979832269230432e-01,7.163205258251719165e-01,8.173026364541694022e+01,1.812073003349879130e+01,2.068159086206484076e+01,3.553876722691601486e+01,7.225072294946956220e+01,1.732871869112451080e+01,1.583309513747666930e+00,2.871791214020943173e+01,1.229220526302133010e+02
3.333333333333333148e-01,6.536934203359353601e-01,6.073652621334072466e-01,7.166157892564218868e-01,8.262347754092208163e+01,1.833507515313951330e+01,2.090088207037252488e+01,3.591400468881830932e+01,7.323307128983130099e+01,1.752778810217405336e+01,1.564775941154868510e+00,2.903585639124100481e+01,1.243193483512435762e+02
3.372549019607843368e-01,6.545630842106319180e-01,6.081325410398913389e-01,7.169110526876717460e-01,8.351431795745770614e+01,1.854887939565918131e+01,2.111999264630088291e+01,3.628824505671111211e+01,7.421294077859570848e+01,1.772669353774255896e+01,1.546291616614524189e+00,2.935299834375773997e+01,1.257154931056999487e+02
3.411764705882353033e-01,6.554327480853283650e-01,6.088998199463755423e-01,7.172063161189217162e-01,8.440279434280739679e+01,1.876214480574689247e+01,2.133892281294109239e+01,3.666149229959037115e+01,7.519034078661728415e+01,1.792543520034899984e+01,1.527856344091639063e+00,2.966934103070546414e+01,1.271104883150910894e+02
3.450980392156862697e-01,6.563024119600248119e-01,6.096670988528596347e-01,7.175015795501715754e-01,8.528891609467781620e+01,1.897487341779858738e+01,2.155767279301712591e+01,3.703375036541483212e+01,7.616528063757687050e+01,1.812401329217899715e+01,1.509469928590276400e+00,2.998488746976193298e+01,1.285043353985858232e+02
3.490196078431372362e-01,6.571720758347212588e-01,6.104343777593437270e-01,7.263597675843294077e-01,8.617269256103013220e+01,1.918706725598176988e+01,1.942868109967178469e+01,3.740502318124521253e+01,7.713776960827810569e+01,1.616301020621272500e+01,1.491132176146686916e+00,3.029964066343274354e+01,1.140891709630513446e+02
3.529411764705882026e-01,6.580417397094178167e-01,6.112016566658279304e-01,7.280739186011120356e-01,8.705413304040861533e+01,1.939872833429970100e+01,2.079977062279671784e+01,3.777531465338232408e+01,7.810781692894168771e+01,1.741686950371017062e+01,1.472842893822486454e+00,3.061360359914656115e+01,1.232285707000748545e+02
3.568627450980392246e-01,6.589114035841142636e-01,6.433302142628950504e-01,7.458921593937080097e-01,8.793324678226689173e+01,1.799189796647640804e+01,2.069332062119715587e+01,3.814462866750407244e+01,7.087350106151403395e+01,1.727825723116063728e+01,1.454601889697889394e+00,2.847759369394038487e+01,1.221601708000436020e+02
3.607843137254901911e-01,6.597810674588107105e-01,6.440551512075833873e-01,7.732406148322462647e-01,8.881004298729135371e+01,1.836076647159595510e+01,2.107545800332798080e+01,3.851296908880134140e+01,7.245339695019967508e+01,1.758020278685027549e+01,1.436408972864994471e+00,2.899293883263753102e+01,1.233230986045087008e+02
3.647058823529411575e-01,6.606507313335071574e-01,6.447800881522717242e-01,7.783468694520009334e-01,8.968453080772221142e+01,1.872880552676192778e+01,2.117381583178077165e+01,3.888033976211288234e+01,7.402974023259517367e+01,1.765598378012063918e+01,1.418263953421127210e+00,2.950712514916517293e+01,1.236308262661142265e+02
3.686274509803921795e-01,6.615203952082036043e-01,6.455050250969599501e-01,7.820731151540109005e-01,9.055671934767192965e+01,1.909601792652537355e+01,2.129829444071193478e+01,3.924674451205904546e+01,7.560254287800569273e+01,1.776131261400951544e+01,1.400166642462229660e+00,3.002015654778261222e+01,1.241637786604552787e+02
3.725490196078431460e-01,6.623900590829001622e-01,6.462299620416482870e-01,7.850436468887096453e-01,9.142661766344113516e+01,1.946240645289769233e+01,2.143634108835833274e+01,3.961218714317453760e+01,7.717181680202807570e+01,1.788234063284989261e+01,1.382116852076306079e+00,3.053203691523007279e+01,1.248786407948521600e+02
3.764705882352941124e-01,6.837849540282300298e-01,6.469548989863366240e-01,7.883218317683777787e-01,8.809891443610000294e+01,1.982797387542090206e+01,2.156635043868238810e+01,3.825726201244639668e+01,7.873757386685161919e+01,1.799543048751028707e+01,1.560026108894974284e+00,3.104277012082681253e+01,1.257746935427467747e+02
3.803921568627450789e-01,6.862049103902233549e-01,6.630807729033635356e-01,7.890354806724193537e-01,8.900679682277458937e+01,1.906366749268863359e+01,2.175113313245034874e+01,3.864606670751724948e+01,7.504396746326412426e+01,1.816643724717568276e+01,1.573695713493092896e+00,2.999529594607350802e+01,1.270632821000161243e+02
3.843137254901960453e-01,6.886248667522167910e-01,6.634726219385711499e-01,7.897491295764610397e-01,8.990829827299550914e+01,1.929576613877252811e+01,2.193558187215123922e+01,3.903213873799570877e+01,7.609509434377547166e+01,1.833713494974420755e+01,1.587269243005311026e+00,3.032880035987651013e+01,1.283495418169557354e+02
3.882352941176470673e-01,6.910448231142101161e-01,6.638644709737787641e-01,7.904627784805027257e-01,9.080348582259280477e+01,1.952759079028519196e+01,2.211969756229047235e+01,3.941550681227596442e+01,7.714498035940542309e+01,1.850752443228852684e+01,1.600747706762027045e+00,3.066191106867343663e+01,1.296334790011656821e+02
3.921568627450980338e-01,6.934647794762034412e-01,6.642563200089863784e-01,7.911764273845444118e-01,9.169242557166747076e+01,1.975914193212004832e+01,2.230348110410997009e+01,3.979619923802210479e+01,7.819362770613633984e+01,1.867760652886109440e+01,1.614132100004757486e+00,3.099462876921157317e+01,1.309150999374879234e+02
3.960784313725490002e-01,6.949167804392529790e-01,6.646481690441939927e-01,7.918900762885860978e-01,9.251302680128576128e+01,1.999042004802704042e+01,2.248693339560286830e+01,4.014279409980994728e+01,7.924103857477182089e+01,1.884738207050779479e+01,1.603006590882106508e+00,3.132695415659510019e+01,1.321944108881088766e+02
4.000000000000000222e-01,6.960111611690866784e-01,6.650400180794016070e-01,7.926126661481754931e-01,9.330766592109984003e+01,2.022142562061597459e+01,2.266549887432479338e+01,4.047650360702953520e+01,8.028721515095215011e+01,1.901663736836213303e+01,1.582902401951412852e+00,3.165888792428993881e+01,1.333505592845987735e+02
4.039215686274509887e-01,6.971055418989203778e-01,6.654318671146091102e-01,7.933405939498130444e-01,9.409981004499829282e+01,2.045215913135991315e+01,2.284102009391995836e+01,4.080916533817472924e+01,8.133215961516947345e+01,1.918545525319403922e+01,1.562861335849708988e+00,3.199043076412860742e+01,1.344325055386079839e+02
4.078431372549019551e-01,6.981999226287540772e-01,6.658237161498167245e-01,7.940685217514505956e-01,9.488947090518861671e+01,2.068262106059846062e+01,2.301621951061771654e+01,4.114078422019800740e+01,8.237587414278277720e+01,1.935396362511007951e+01,1.542883095754815859e+00,3.232158336631495388e+01,1.355124681382181393e+02
4.117647058823529216e-01,6.992943033585877766e-01,6.662155651850243387e-01,7.947964495530881468e-01,9.567666016043564525e+01,2.091281188754116727e+01,2.319109800860397996e+01,4.147136514920953232e+01,8.341836090403320725e+01,1.952216333452820152e+01,1.522967386702635206e+00,3.265234641942903693e+01,1.365904525337197128e+02
4.156862745098038880e-01,7.003886840884213649e-01,6.666074142202319530e-01,7.955243773547256980e-01,9.646138939663541123e+01,2.114273209027080114e+01,2.336565646882844405e+01,4.180091299071813893e+01,8.445962206405900474e+01,1.969005522875373870e+01,1.503113915572633408e+00,3.298272061043184067e+01,1.376664641554546051e+02
4.196078431372549100e-01,7.014830648182550643e-01,6.671504567171098188e-01,7.962523051563632492e-01,9.724367012738350979e+01,2.131930107105605998e+01,2.353989576901937042e+01,4.212943257987001289e+01,8.523171501440019426e+01,1.985764015199360344e+01,1.483322391073461421e+00,3.321897291084769677e+01,1.387405084139070652e+02
4.235294117647058765e-01,7.115520090752375237e-01,6.677204344947189618e-01,7.969802329580008005e-01,9.368724908263840234e+01,2.148612949164410324e+01,2.371381678369830937e+01,4.069722293196499407e+01,8.595483786830321549e+01,2.002491894537048012e+01,1.656535584597339072e+00,3.343815067508852223e+01,1.398125906997946686e+02
4.274509803921568429e-01,7.262700674498261399e-01,6.682904122723281048e-01,7.977081607596383517e-01,9.301713214075265057e+01,2.165267333986461651e+01,2.388742038419471214e+01,4.044583538301169767e+01,8.667672723463964246e+01,2.019189244693685481e+01,1.765169120272267245e+00,3.365695457056611417e+01,1.408827163841581580e+02
4.313725490196078649e-01,7.288748592091569556e-01,6.688603900499373589e-01,7.984360885612759029e-01,9.445615406361808652e+01,2.181893334322334255e+01,2.406070743866050066e+01,4.105002318943741102e+01,8.739738626680519928e+01,2.035856149168905205e+01,1.724381834488019960e+00,3.387538555307131816e+01,1.419508908184515974e+02
4.352941176470588314e-01,7.314796509684877712e-01,6.694303678275465019e-01,7.991640163629134541e-01,9.588492730098361960e+01,2.198491022674833317e+01,2.423367881208453767e+01,4.164990798232835800e+01,8.811681810745601240e+01,2.052492691158110460e+01,1.683885034941511982e+00,3.409344457513986981e+01,1.430171193346310758e+02
4.392156862745097978e-01,7.335155939885127374e-01,6.700003456051557560e-01,7.998919441645510053e-01,9.712275266765522019e+01,2.215060471300046530e+01,2.440633536630700462e+01,4.217233954981686850e+01,8.883502588855408533e+01,2.069098953553865172e+01,1.655608836045292298e+00,3.431113258606609406e+01,1.440814072452438097e+02
4.431372549019607643e-01,7.341476604440081433e-01,6.705703233827648990e-01,8.198619410725559442e-01,9.790989655059743768e+01,2.231601752208394629e+01,2.389057338351647886e+01,4.251224572153640935e+01,8.955201273141301499e+01,2.012225452171763251e+01,1.656883131742138859e+00,3.452845053191681046e+01,1.401766179724203596e+02
4.470588235294117307e-01,7.347797268995036601e-01,7.185557820655507077e-01,8.201603332592226625e-01,9.869568621206116177e+01,2.120779323984736919e+01,2.407566028222006693e+01,4.285156711041207700e+01,8.318586712152344376e+01,2.030473835283460105e+01,1.658155235109679326e+00,3.297366464121513729e+01,1.413549715518487915e+02
4.509803921568627527e-01,7.354117933549991770e-01,7.194939890542588756e-01,8.204587254458892698e-01,9.948012514379611559e+01,2.140387188812023567e+01,2.426061255261704019e+01,4.319030522425874352e+01,8.416599656663717610e+01,2.048708944906141483e+01,1.659425151800655973e+00,3.326494716639497540e+01,1.425324680217351272e+02
4.549019607843137192e-01,7.360438598104945829e-01,7.204321960429671545e-01,8.207571176325559881e-01,1.002632168255580751e+02,2.159943983640174991e+01,2.444543034154268213e+01,4.352846156571209235e+01,8.514357319886916287e+01,2.066930795516826791e+01,1.660692887448395050e+00,3.355547102670028181e+01,1.437091083169045191e+02
4.588235294117646856e-01,7.366759262659900998e-01,7.213704030316753224e-01,8.210555098192225953e-01,1.010449647251602414e+02,2.179449907732550429e+01,2.463011379561881853e+01,4.386603763225072328e+01,8.611860697870658043e+01,2.085139401571489159e+01,1.661958447666887384e+00,3.384523918226643246e+01,1.448848933708230788e+02
4.627450980392157076e-01,7.373223242089093077e-01,7.218513388766336636e-01,8.213539020058893136e-01,1.018247741025751054e+02,2.196015031443307919e+01,2.481466306125421539e+01,4.420217573263171573e+01,8.687113150334218403e+01,2.103334777505095232e+01,1.661859934278680839e+00,3.407301463581826084e+01,1.460598241156005486e+02
4.666666666666666741e-01,7.381250126773172271e-01,7.222097822323324534e-01,8.216522941925559209e-01,1.025965362168317085e+02,2.211786597397640719e+01,2.499907828464495552e+01,4.452829456215808079e+01,8.756384672560231763e+01,2.121516937731642471e+01,1.646925955829304344e+00,3.428411833444546630e+01,1.472339014819925467e+02
4.705882352941176405e-01,7.389277011457251465e-01,7.225682255880313543e-01,8.219506863792226392e-01,1.033666216188780851e+02,2.227542515796973177e+01,2.518335961177482929e+01,4.485370487358886038e+01,8.825587467942182229e+01,2.139685896644198237e+01,1.632024422590115931e+00,3.449501258927080727e+01,1.484071263994031540e+02
4.745098039215686070e-01,7.397303896141331769e-01,7.229266689437302551e-01,8.222490785658892465e-01,1.041350357669633553e+02,2.243282809916538767e+01,2.536750718841571128e+01,4.517840897338320616e+01,8.894721638709035005e+01,2.157841668614936026e+01,1.617155228941298484e+00,3.470569771183517105e+01,1.495794997958873580e+02
4.784313725490195734e-01,7.405330780825410963e-01,7.232851122994290449e-01,8.225474707525559648e-01,1.049017840956709762e+02,2.259007502985432581e+01,2.555152116012796526e+01,4.550240915800006292e+01,8.963787286887102823e+01,2.175984267995175259e+01,1.602318269720975463e+00,3.491617401306189095e+01,1.507510225981534973e+02
4.823529411764705954e-01,7.492819317888559372e-01,7.236435556551279458e-01,8.228458629392225721e-01,9.929397857343781197e+01,2.274716618186723238e+01,2.573540167226079944e+01,4.318302181392120787e+01,9.032784514300544743e+01,2.194113709115417521e+01,1.823396567755741993e+00,3.512644180325823129e+01,1.519216957315655918e+02
4.862745098039215619e-01,7.506037757491700324e-01,7.240019990108268466e-01,8.231442551258892903e-01,1.018983668524410433e+02,2.290410178657568707e+01,2.591914886995267508e+01,4.425264371645761940e+01,9.101713422571877743e+01,2.212230006285385642e+01,1.727178814851105804e+00,3.533650139211695773e+01,1.530915201201459581e+02
4.901960784313725283e-01,7.519256197094841276e-01,7.243604423665256364e-01,8.234426473125560086e-01,1.044935983882061379e+02,2.306088207489333186e+01,2.610276289813166528e+01,4.531850494582468514e+01,9.170574113122476945e+01,2.230333173794060286e+01,1.631299353001377739e+00,3.554635308871785071e+01,1.542604966865775111e+02
4.941176470588235503e-01,7.609905820585693981e-01,7.247188857222245373e-01,8.237410394992226159e-01,1.012892538465181360e+02,2.321750727727694397e+01,2.628624390151587420e+01,4.405000353283882220e+01,9.239366687173054515e+01,2.248423225909719392e+01,1.843963134649086344e+00,3.575599720152919048e+01,1.554286263522063223e+02
4.980392156862745168e-01,7.618807745020931277e-01,7.250773290779234381e-01,8.240394316858893342e-01,1.030055193178882575e+02,2.337397762372759402e+01,2.646959202461374971e+01,4.476334360970513160e+01,9.308091245744175524e+01,2.266500176879970496e+01,1.788591455325262425e+00,3.596543403840929187e+01,1.565959100370438080e+02
5.019607843137254832e-01,7.627709669456168573e-01,7.254357724336222280e-01,8.243378238725559415e-01,1.047177788513821781e+02,2.353029334379179360e+01,2.665280741172454526e+01,4.547501867840097134e+01,9.376747889656746793e+01,2.284564040931796214e+01,1.733349019123305412e+00,3.617466390660803910e+01,1.577623486597694296e+02
5.058823529411764497e-01,7.636611593891406979e-01,7.574792861447904313e-01,8.246362160592226598e-01,1.064260464560491926e+02,2.291930896397560602e+01,2.683589020693863247e+01,4.618503456157818476e+01,8.971380083280087092e+01,2.302614832271584433e+01,1.678235374070837338e+00,3.522550609382516740e+01,1.589279431377328535e+02
5.098039215686274161e-01,7.645513518326644276e-01,7.582061963871453703e-01,8.249346082458892671e-01,1.081303360756938758e+02,2.308386357859922455e+01,2.701884055413790975e+01,4.689339705477059539e+01,9.050196954589677034e+01,2.320652565085168817e+01,1.623250070300465309e+00,3.545684210266382763e+01,1.600926943869565378e+02
5.137254901960783826e-01,7.780458851660607689e-01,7.589331066295003092e-01,8.252330004325559853e-01,1.061383836093281445e+02,2.324810297061955922e+01,2.720165859699617172e+01,4.611389054356471462e+01,9.128862843446339070e+01,2.338677253537866463e+01,1.819670152400365559e+00,3.568773496173664483e+01,1.612566033221379769e+02
5.176470588235293491e-01,7.799520833527021635e-01,7.596600168718553592e-01,8.255313926192225926e-01,1.074557184401838299e+02,2.341202804493563860e+01,2.738434447897948942e+01,4.667102239718478529e+01,9.207378183270370187e+01,2.356688911774513073e+01,1.790317057207093221e+00,3.591818594317888369e+01,1.624196708566522886e+02
5.215686274509804266e-01,7.844414531178296457e-01,7.603869271142102981e-01,8.258297848058893109e-01,1.077449014657192237e+02,2.357563970298625833e+01,2.756689834334658329e+01,4.682848723640897504e+01,9.285743405824717911e+01,2.374687553919500971e+01,1.881623783474320133e+00,3.614819631426131963e+01,1.635818979025544309e+02
5.254901960784313930e-01,7.846553509716890362e-01,7.614552540343064724e-01,8.261281769925559182e-01,1.085503958301958534e+02,2.372541612587593107e+01,2.774932033314920332e+01,4.716771965057475313e+01,9.351938625866773691e+01,2.392673194076816401e+01,1.863906538066234742e+00,3.634789741741820279e+01,1.647432853705816456e+02
5.294117647058823595e-01,7.848692488255484268e-01,7.629353098982702974e-01,8.264265691792226365e-01,1.093554511571739170e+02,2.385842357262113467e+01,2.793161059123247725e+01,4.750676716493600793e+01,9.403451535097947556e+01,2.410645846330075059e+01,1.846198949504240572e+00,3.651099606010372867e+01,1.659038341701558181e+02
5.333333333333333259e-01,7.850831466794077063e-01,7.644153657622341225e-01,8.267249613658893548e-01,1.101600678055039992e+02,2.399091596312774044e+01,2.811376926023531908e+01,4.784562993062195346e+01,9.454764966435840279e+01,2.428605524742560107e+01,1.828501009895243445e+00,3.667346312181032175e+01,1.670635452093858930e+02
5.372549019607842924e-01,7.852970445332670968e-01,7.658558399990302856e-01,8.270233535525559621e-01,1.109642461336456165e+02,2.409015632719872713e+01,2.829579648259079150e+01,4.818430809859715680e+01,9.506371367480750223e+01,2.446552243357259471e+01,1.810812711354747861e+00,3.680706694435129123e+01,1.682224193950703750e+02
5.411764705882352589e-01,7.855109423871264873e-01,7.672866473676215326e-01,8.273217457392226803e-01,1.117679864996680124e+02,2.418104386634288261e+01,2.847769240052643980e+01,4.852280181966177253e+01,9.557904419574371957e+01,2.464486016196898888e+01,1.793134046006845450e+00,3.693328750488461054e+01,1.693804576326992049e+02
5.450980392156862253e-01,7.857248402409858778e-01,7.804038605373037063e-01,8.709962654550842398e-01,1.125712892612504277e+02,2.410117362208416125e+01,2.674602826100178277e+01,4.886111124445174170e+01,9.428629406718968653e+01,2.271382983426186897e+01,1.775465005984205424e+00,3.678249943851694326e+01,1.563146119767438336e+02
5.490196078431373028e-01,7.859387380948452684e-01,7.805899161484868287e-01,8.717160265515618844e-01,1.133741547756826975e+02,2.425059470200747214e+01,2.698156733692208675e+01,4.919923652343899079e+01,9.496208799385574650e+01,2.294863463237224721e+01,1.757805583428061036e+00,3.696548968890223108e+01,1.578085486021519444e+02
5.529411764705882693e-01,7.861526359487045479e-01,7.807759717596699511e-01,8.724357876480395291e-01,1.141765833998658906e+02,2.439994456910827836e+01,2.721671777251849633e+01,4.953717780693172301e+01,9.563755984285391776e+01,2.318305200171975500e+01,1.740155770488199138e+00,3.714839272768237777e+01,1.593000202267456302e+02
5.568627450980392357e-01,7.863665338025639384e-01,7.809620273708530735e-01,8.731555487445171737e-01,1.149785754903126787e+02,2.454922327428358741e+01,2.745148052888499279e+01,4.987493524507458176e+01,9.631270984437860250e+01,2.341708290040224227e+01,1.722515559322945311e+00,3.733120861718901295e+01,1.607890329463860439e+02
5.607843137254902022e-01,7.865804316564233289e-01,7.811480829820361960e-01,8.738753098409948183e-01,1.157801314031479905e+02,2.469843086838192292e+01,2.768585656394919425e+01,5.021250898784888506e+01,9.698753822840484418e+01,2.365072828336104038e+01,1.704884942099157863e+00,3.751393741969434359e+01,1.622755928368512173e+02
5.647058823529411686e-01,7.867943295102827195e-01,7.813341385932193184e-01,8.745950709374724630e-01,1.165812514941094662e+02,2.484756740220337790e+01,2.791984683248533727e+01,5.054989918507286717e+01,9.766204522468871119e+01,2.388398910239393302e+01,1.687263910992211846e+00,3.769657919741130314e+01,1.637597059539184841e+02
5.686274509803921351e-01,7.870082273641421100e-01,7.815201942044024408e-01,8.753148320339501076e-01,1.173819361185479977e+02,2.499663292649966451e+01,2.815345228612726913e+01,5.088710598640188465e+01,9.833623106276738213e+01,2.411686630616812366e+01,1.669652458185989063e+00,3.787913401249355871e+01,1.652413783334469315e+02
5.725490196078431016e-01,7.872221252180013895e-01,7.817062498155855632e-01,8.760345931304277523e-01,1.181821856314283536e+02,2.514562749197417801e+01,2.838667387338132642e+01,5.122412954132865792e+01,9.901009597195955791e+01,2.434936084023303593e+01,1.652050575872865634e+00,3.806160192703560341e+01,1.667206159914588852e+02
5.764705882352940680e-01,7.874360230718607800e-01,7.818923054267686856e-01,8.767543542269053969e-01,1.189820003873294638e+02,2.529455114928205717e+01,2.861951253963921005e+01,5.156096999918344892e+01,9.968364018136570337e+01,2.458147364703316029e+01,1.634458256253701336e+00,3.824398300307285581e+01,1.681974249242218207e+02
5.803921568627450345e-01,7.876499209257201706e-01,7.820783610379518080e-01,8.774741153233830415e-01,1.197813807404452007e+02,2.544340394903023039e+01,2.885196922719070045e+01,5.189762750913430267e+01,1.003568639198681893e+02,2.481320566592077626e+01,1.616875491537829168e+00,3.842627730258165997e+01,1.696718111083288250e+02
5.843137254901961120e-01,7.878638187795795611e-01,7.822644166491349305e-01,8.781938764198606862e-01,1.205803270445847915e+02,2.559218594177748329e+01,2.908404487523643667e+01,5.223410222018732441e+01,1.010297674161316905e+02,2.504455783316860717e+01,1.599302273943040031e+00,3.860848488747942042e+01,1.711437805007797408e+02
5.882352941176470784e-01,7.880777166334389516e-01,7.824504722603180529e-01,8.994255875421345303e-01,1.213788396531733014e+02,2.574089717803452615e+01,2.867959231887940419e+01,5.257039428118679325e+01,1.017023508986034130e+02,2.449864460847700087e+01,1.581738595695575400e+00,3.879060581962465903e+01,1.672301836168396960e+02
5.921568627450980449e-01,8.201167690450198444e-01,7.826365278715011753e-01,9.014946918617937621e-01,1.167818048438616216e+02,2.588953770826401524e+01,2.891669708908307612e+01,5.072344797488035795e+01,1.023746145955132505e+02,2.472512849747752028e+01,1.865407044970468053e+00,3.897264016081705051e+01,1.686780400119851322e+02
5.960784313725490113e-01,8.220496072014173983e-01,7.828225834826842977e-01,9.022007885215255207e-01,1.173755554121243136e+02,2.603810758288063454e+01,2.908311437467496319e+01,5.097434610318185833e+01,1.030465587348741678e+02,2.489630793309144607e+01,1.857326996672874486e+00,3.915458797279752190e+01,1.697615465784180913e+02
5.999999999999999778e-01,8.239824453578150631e-01,7.830086390938675311e-01,9.025105764607747050e-01,1.179665204264952223e+02,2.618660685225117746e+01,2.922908333558542893e+01,5.122406715428108015e+01,1.037181835444824287e+02,2.505149752064811963e+01,1.849284855555811680e+00,3.933644931724833782e+01,1.707397016608530578e+02
6.039215686274509443e-01,8.259152835142127280e-01,7.831946947050506536e-01,9.028203644000238892e-01,1.185547194435497715e+02,2.633503556669454682e+01,2.937495212280602175e+01,5.147261939209968062e+01,1.043894892519177944e+02,2.520658060670256617e+01,1.841280355483829956e+00,3.951822425579314313e+01,1.717171854676739429e+02
6.078431372549019107e-01,8.275893671341651991e-01,7.833807503162337760e-01,9.031301523392731845e-01,1.191637209962546962e+02,2.648339377648185433e+01,2.952072083942023539e+01,5.172920677494026620e+01,1.050604760845438506e+02,2.536155730084989557e+01,1.830849205318065831e+00,3.969991284999702685e+01,1.726939986896552455e+02
6.117647058823529882e-01,8.282628785262194926e-01,7.835668059274168984e-01,9.034399402785223687e-01,1.198620125451135294e+02,2.663168153183646680e+01,2.966638958837015494e+01,5.202060801736005402e+01,1.057311442695082349e+02,2.551642771253489173e+01,1.810924298304880553e+00,3.988151516136660035e+01,1.736701420166239700e+02
6.156862745098039547e-01,8.289363899182737860e-01,7.837528615386000208e-01,9.037497282177716640e-01,1.205591693692363009e+02,2.677989888293405230e+01,2.981195847245674102e+01,5.231153573235646803e+01,1.064014940337428641e+02,2.567119195105227902e+01,1.791031769293245590e+00,4.006303125135009680e+01,1.746456161374613600e+02
6.196078431372549211e-01,8.296099013103280795e-01,7.839389171497831432e-01,9.040595161570208482e-01,1.212551942322714353e+02,2.692804587990265475e+01,2.995742759434003588e+01,5.260199107321654566e+01,1.070715256039642611e+02,2.582585012554696746e+01,1.771171539425786090e+00,4.024446118133739958e+01,1.756204217401043195e+02
6.235294117647058876e-01,8.302834127023823729e-01,7.841249727609662656e-01,9.043693040962701435e-01,1.219500898889001093e+02,2.707612257282273305e+01,3.010279705653941207e+01,5.289197518948520838e+01,1.077412392066737397e+02,2.598040234501432977e+01,1.751343530101000079e+00,4.042580501266011339e+01,1.765945595115472599e+02
6.274509803921568540e-01,8.309569240944366664e-01,7.843110283721493881e-01,9.046790920355193277e-01,1.226438590848724886e+02,2.722412901172723920e+01,3.024806696143384244e+01,5.318148922698045311e+01,1.084106350681577027e+02,2.613484871830044298e+01,1.731547662972215962e+00,4.060706280659166367e+01,1.775680301378435217e+02
6.313725490196078205e-01,8.315388807267077853e-01,8.081704998789328576e-01,9.049888799747685120e-01,1.233450774885695722e+02,2.598671544330350258e+01,3.039323741126209910e+01,5.347642158340082830e+01,1.019573533768245710e+02,2.628918935410234070e+01,1.715562163622776248e+00,3.914604203050065223e+01,1.785408343041072214e+02
6.352941176470587870e-01,8.319732823490403328e-01,8.085026778547153015e-01,9.052986679140178072e-01,1.240592502118401370e+02,2.620819845085176780e+01,3.053830850812301634e+01,5.378047797919153084e+01,1.029340195619929261e+02,2.644342436096828308e+01,1.705683018554919439e+00,3.940264168055362148e+01,1.795129726945145023e+02
6.392156862745097534e-01,8.324076839713728804e-01,8.088348558304977454e-01,9.056084558532669915e-01,1.247726775364423162e+02,2.642949953800779284e+01,3.068328035397573217e+01,5.408421702425577138e+01,1.039098835389130784e+02,2.659755384729799488e+01,1.695814184580358930e+00,3.965903056631589862e+01,1.804844459923054671e+02
6.431372549019607199e-01,8.328420855937055389e-01,8.091670338062800782e-01,9.181712809188148361e-01,1.254853606287522041e+02,2.665061892881659844e+01,3.027837056509905267e+01,5.438763921517389122e+01,1.048849462955487866e+02,2.603942092526508034e+01,1.685955645564621852e+00,3.991520894735535308e+01,1.762562061108522755e+02
6.470588235294117974e-01,8.332764872160380865e-01,8.094992117820625221e-01,9.219411320098580553e-01,1.261973006527138210e+02,2.687155684695543556e+01,3.069647432579205315e+01,5.469074504749073640e+01,1.058592088182421946e+02,2.644693295772914254e+01,1.676107385406881978e+00,4.017117708281379151e+01,1.787912543553862577e+02
6.509803921568627638e-01,8.337108888383707450e-01,8.098313897578449660e-01,9.234361360215994630e-01,1.269084987698452238e+02,2.709231351573459889e+01,3.082048654808818000e+01,5.499353501571832226e+01,1.068326720917171713e+02,2.656414144130899047e+01,1.666269388039869570e+00,4.042693523140786027e+01,1.794812926970083993e+02
6.549019607843137303e-01,8.341452904607032925e-01,8.101635677336274100e-01,9.249311400333407596e-01,1.276189561392450429e+02,2.731288915809811968e+01,3.094409787833556180e+01,5.529600961333860454e+01,1.078053370990825499e+02,2.668097102716212632e+01,1.656441637429784564e+00,4.068248365142990508e+01,1.801691003642714861e+02
6.588235294117646967e-01,8.345796920830358401e-01,8.104957457094097428e-01,9.260254627423307738e-01,1.283286739175985076e+02,2.753328399662454729e+01,3.107452291826428947e+01,5.559816933280604445e+01,1.087772048218354826e+02,2.680901850785656748e+01,1.646624117576210189e+00,4.093782260074878820e+01,1.809363549224546261e+02
6.627450980392156632e-01,8.350140937053684986e-01,8.108279236851921867e-01,9.268804523767913972e-01,1.290376532591838838e+02,2.775349825352767041e+01,3.120897978378340909e+01,5.590001466555035137e+01,1.097482762398646514e+02,2.694371914460162643e+01,1.636816812512023045e+00,4.119295233681083346e+01,1.817507527753203362e+02
6.666666666666666297e-01,8.354484953277010462e-01,8.111601016609746306e-01,9.277354420112521316e-01,1.297458953158788120e+02,2.797353215065732002e+01,3.134318882169760201e+01,5.620154610197916867e+01,1.107185523314538074e+02,2.707817150442859955e+01,1.627019706303312052e+00,4.144787311664065754e+01,1.825636495499885257e+02
6.705882352941175961e-01,8.358828969500337047e-01,8.114922796367570745e-01,9.285904316457128660e-01,1.304534012371663891e+02,2.819338590950005141e+01,3.147715071656064367e+01,5.650276413148065302e+01,1.116880340732847401e+02,2.721237627313237084e+01,1.617232783049286526e+00,4.170258519684202270e+01,1.833750493927638843e+02
6.745098039215686736e-01,8.363172985723662523e-01,8.398432624771920985e-01,9.294245352727965592e-01,1.311601721701413794e+02,2.742308272422062387e+01,3.161059128836307153e+01,5.680366924242619575e+01,1.073950008467290473e+02,2.734694866019367154e+01,1.607456026882194688e+00,4.088390385911701230e+01,1.841852508167177973e+02
6.784313725490196401e-01,8.367517001946987998e-01,8.433321487739665612e-01,9.297489504150912021e-01,1.318662092595165802e+02,2.761144260961663832e+01,3.173716022174411222e+01,5.710426192217300922e+01,1.080303134990678586e+02,2.749634496309140630e+01,1.597689421967234846e+00,4.109023052424353750e+01,1.850016242461198601e+02
6.823529411764706065e-01,8.371861018170314583e-01,8.468210350707410239e-01,9.300733655573859560e-01,1.325715136476288762e+02,2.779825041683839260e+01,3.186364085912602917e+01,5.740454265706679138e+01,1.086603911997105882e+02,2.764563704534449329e+01,1.587932952502470130e+00,4.129485706562534375e+01,1.858174281636703711e+02
6.862745098039215730e-01,8.376205034393640059e-01,8.503099213675154866e-01,9.303977806996805988e-01,1.332760864744454068e+02,2.798352525077035580e+01,3.199003329287112862e+01,5.770451193244435473e+01,1.092852983868724266e+02,2.779482501597325950e+01,1.578186602718745668e+00,4.149780441047364832e+01,1.866326631651088803e+02
6.901960784313725394e-01,8.380549050616966644e-01,8.514545411814919973e-01,9.307221958419752417e-01,1.339799288775696482e+02,2.811757047774856844e+01,3.211633761521293451e+01,5.800417023263618432e+01,1.098480720516587752e+02,2.794390898384602551e+01,1.568450356879601548e+00,4.164444226124680881e+01,1.874473298453444272e+02
6.941176470588235059e-01,8.384893066840292120e-01,8.520414851683877355e-01,9.310466109842699955e-01,1.346830419922478086e+02,2.823949213225642652e+01,3.224255391825640515e+01,5.830351804096912360e+01,1.103961080715854592e+02,2.809288905767936484e+01,1.558724199281187772e+00,4.177775443451373150e+01,1.882614287984567625e+02
6.980392156862744724e-01,8.389237083063617595e-01,8.526284291552833627e-01,9.313710261265646384e-01,1.353854269513745976e+02,2.836124592658148558e+01,3.236868229397818908e+01,5.860255583976891813e+01,1.109433895624922286e+02,2.824176534603840594e+01,1.549008114252181434e+00,4.191088306527654339e+01,1.890749606176981104e+02
7.019607843137254388e-01,8.629372129145752579e-01,8.532153731421791010e-01,9.316954412688592813e-01,1.300390341266466976e+02,2.848283220714692376e+01,3.249472283422682750e+01,5.640386601559890778e+01,1.114899180815460937e+02,2.839053795733703467e+01,1.841648997563491541e+00,4.204382853232296213e+01,1.898879258954941918e+02
7.058823529411764053e-01,8.635231760680149860e-01,8.538023171290747282e-01,9.320198564111539241e-01,1.310346639101679784e+02,2.860425131942332655e+01,3.262067563072297816e+01,5.682486444460888464e+01,1.120356951816321498e+02,2.853920699983821763e+01,1.815827208566075823e+00,4.217659121339915629e+01,1.907003252234460717e+02
7.098039215686274828e-01,8.641091392214546030e-01,8.543892611159704664e-01,9.323442715534486780e-01,1.320289433958134282e+02,2.872550360793194457e+01,3.274654077505962135e+01,5.724529190507832510e+01,1.125807224113683134e+02,2.868777258165421529e+01,1.790040439721141796e+00,4.230917148521321280e+01,1.915121591923312394e+02
7.137254901960784492e-01,8.646951023748943310e-01,8.549762051028662047e-01,9.326686866957433208e-01,1.330218753286828530e+02,2.884658941624798345e+01,3.287231835870234420e+01,5.766514955776266760e+01,1.131250013151200164e+02,2.883623481074689821e+01,1.764288619834164962e+00,4.244156972343883183e+01,1.923234283921054555e+02
7.176470588235294157e-01,8.652810655283340591e-01,8.555631490897618319e-01,9.329931018380379637e-01,1.340134624464402293e+02,2.896750908700383675e+01,3.299800847298946138e+01,5.808443856027317764e+01,1.136685334330147583e+02,2.898459379492794241e+01,1.738571677903470780e+00,4.257378630271880837e+01,1.931341334119037185e+02
7.215686274509803821e-01,8.658670286817736761e-01,8.561500930766575701e-01,9.333175169803327176e-01,1.350037074793388854e+02,2.908826296189230121e+01,3.312361120913233492e+01,5.850316006708752070e+01,1.142113203009565296e+02,2.913284964185914916e+01,1.712889543119582303e+00,4.270582159666854238e+01,1.939442748400419134e+02
7.254901960784313486e-01,8.664529918352134041e-01,8.567370370635533083e-01,9.336419321226273604e-01,1.359926131502464841e+02,2.920885138166981676e+01,3.324912665821555180e+01,5.892131522956037770e+01,1.147533634506405065e+02,2.928100245905267229e+01,1.687242144864568472e+00,4.283767597787961279e+01,1.947538532640183746e+02
7.294117647058823151e-01,8.711872251645123022e-01,8.573239810504489355e-01,9.339663472649220033e-01,1.303152482021299647e+02,2.932927468615966760e+01,3.337455491119711581e+01,5.656741671445698216e+01,1.152946644095672752e+02,2.942905235387129537e+01,1.936811084666418159e+00,4.296934981792328045e+01,1.955628692705150797e+02
7.333333333333332815e-01,8.721300051890431559e-01,8.579109250373446738e-01,9.342907624072166461e-01,1.325272701368711239e+02,2.944953321425516535e+01,3.349989605890872468e+01,5.750354395733305068e+01,1.158352247010571716e+02,2.957699943352866612e+01,1.882531960615980493e+00,4.310084348735391302e+01,1.963713234453990992e+02
7.372549019607843590e-01,8.730727852135740097e-01,8.584978690242404120e-01,9.346151775495114000e-01,1.347345148064651141e+02,2.956962730392282523e+01,3.362515019205594768e+01,5.843764946254889736e+01,1.163750458442647044e+02,2.972484380508958779e+01,1.828370062241958527e+00,4.323215735571251628e+01,1.971792163737241310e+02
7.411764705882353255e-01,8.740155652381047524e-01,8.690773167644880726e-01,9.349395926918060429e-01,1.369369976702824090e+02,2.940112597085191837e+01,3.375031740121847434e+01,5.936973977250703172e+01,1.150128548865702669e+02,2.987258557547025717e+01,1.774325010198616770e+00,4.303167220315176422e+01,1.979865486397318364e+02
7.450980392156862919e-01,8.831981097335059872e-01,8.719511608193857288e-01,9.352640078341006857e-01,1.332334770667928012e+02,2.961318784597463605e+01,3.387539777685028497e+01,5.783520396264224672e+01,1.157984318174767822e+02,3.002022485143853103e+01,1.937832879918180762e+00,4.324663825807869699e+01,1.987933208268532610e+02
7.490196078431372584e-01,8.849745525270265034e-01,8.738415180701174512e-01,9.355884229763954396e-01,1.346636348316469025e+02,2.971939317541773562e+01,3.400039140927993486e+01,5.843207077417147843e+01,1.161560752551422127e+02,3.016776173961416063e+01,1.899695453495504172e+00,4.335630434785176135e+01,1.995995335177101708e+02
7.529411764705882248e-01,8.867509953205471307e-01,8.786010125088521416e-01,9.359128381186900825e-01,1.360880624795496772e+02,2.976724471966997143e+01,3.412529838871071775e+01,5.902654615958081763e+01,1.161316954693347583e+02,3.031519634646910077e+01,1.861710829734880335e+00,4.343303628703451835e+01,2.004051872941165868e+02
7.568627450980391913e-01,8.885274381140676470e-01,8.789139140368876779e-01,9.362372532609847253e-01,1.375067943793607981e+02,2.989144244290995189e+01,3.425011880522091445e+01,5.961864446248480931e+01,1.166949887530503958e+02,3.046252877832770167e+01,1.823878092136123508e+00,4.354981484529271540e+01,2.012102827370800355e+02
7.607843137254901578e-01,8.941278783473672886e-01,8.792268155649232142e-01,9.365616684032793682e-01,1.344567989962459080e+02,3.001555176653178592e+01,3.437485274876396346e+01,5.836934980448698695e+01,1.172578811042055378e+02,3.060975914136700382e+01,1.991254268577241193e+00,4.366651028463626005e+01,2.020148204268030838e+02
7.647058823529411242e-01,8.942964765042938913e-01,8.795397170929587505e-01,9.368860835455741221e-01,1.353206122853673321e+02,3.013957278488155467e+01,3.449950030916877353e+01,5.873430987069485099e+01,1.178203729507026907e+02,3.075688754161698668e+01,1.968826419729746036e+00,4.378312269377530441e+01,2.028188009426846463e+02
7.686274509803920907e-01,8.944650746612204939e-01,8.798526186209943978e-01,9.372104986878687649e-01,1.361840999333148261e+02,3.026350559217112846e+01,3.462406157613980184e+01,5.909913235390197883e+01,1.183824647198356104e+02,3.090391408496082093e+01,1.946407025754524067e+00,4.389965216129382952e+01,2.036222248633214633e+02
7.725490196078431682e-01,8.946336728181470965e-01,8.801655201490299341e-01,9.455116599638838659e-01,1.370472621241945035e+02,3.038735028247841541e+01,3.349508368381446388e+01,5.946381733189296170e+01,1.189441568382904961e+02,2.937856154075024762e+01,1.923996081871486963e+00,4.401609877564981588e+01,1.953724874286709792e+02
7.764705882352941346e-01,8.948022709750736992e-01,8.804784216770654703e-01,9.459908711993935126e-01,1.379100990419736377e+02,3.051110694974758886e+01,3.375343306745876504e+01,5.982836488239377104e+01,1.195054497321469853e+02,2.971245103941937771e+01,1.901593583304150403e+00,4.413246262517552765e+01,1.970918428925280352e+02
7.803921568627451011e-01,8.949708691320003018e-01,8.807913232051010066e-01,9.464700824349031594e-01,1.387726108704810031e+02,3.063477568778932536e+01,3.401152083918395164e+01,6.019277508307182956e+01,1.200663438268792476e+02,3.004600243210471433e+01,1.879199525279626748e+00,4.424874379807769742e+01,1.988094572882385194e+02
7.843137254901960675e-01,8.951394672889267934e-01,8.811042247331366539e-01,9.469492936704128061e-01,1.396347977934067899e+02,3.075835659028102853e+01,3.426934739616240222e+01,6.055704801153601835e+01,1.206268395473570507e+02,3.037921623210991839e+01,1.856813903028627255e+00,4.436494238243775357e+01,2.005253332590465618e+02
7.882352941176470340e-01,8.953080654458533960e-01,8.814171262611721902e-01,9.474285049059224528e-01,1.404966599943027745e+02,3.088184975076710614e+01,3.452691313476294965e+01,6.092118374533674796e+01,1.211869373178468834e+02,3.071209295170017484e+01,1.834436711785454088e+00,4.448105846621206894e+01,2.022394734428487197e+02
7.921568627450980005e-01,8.954766636027799986e-01,8.817300277892077265e-01,9.479077161414320996e-01,1.413581976565826324e+02,3.100525526265917620e+01,3.478421845055287065e+01,6.128518236196607916e+01,1.217466375620129924e+02,3.104463310210472571e+01,1.812067946787997430e+00,4.459709213723213850e+01,2.039518804722069376e+02
7.960784313725489669e-01,8.956452617597066013e-01,8.820429293172432628e-01,9.483869273769418573e-01,1.422194109635218524e+02,3.112857321923629428e+01,3.504126373829998187e+01,6.164904393885767320e+01,1.223059407029184342e+02,3.137683719351957734e+01,1.789707603277735259e+00,4.471304348320485644e+01,2.056625569743625022e+02
8.000000000000000444e-01,8.958138599166332039e-01,8.862787866128503111e-01,9.488661386124515040e-01,1.430803000982579647e+02,3.027059838487391374e+01,3.529804939197455838e+01,6.201276855338691973e+01,1.179450238169754641e+02,3.170870573511003698e+01,1.767355676499726469e+00,4.391725056327098287e+01,2.073715055712492017e+02
8.039215686274510109e-01,8.959824580735598065e-01,8.867418916043616761e-01,9.548210651638496804e-01,1.439408652437906539e+02,3.050150851880497171e+01,3.461668450784625151e+01,6.237635628287094391e+01,1.189997878367998538e+02,3.071337640604872021e+01,1.745012161702610642e+00,4.411607196910261308e+01,2.024260083153643563e+02
8.078431372549019773e-01,8.961510562304864091e-01,8.872049965958730411e-01,9.573930354481684502e-01,1.448011065829819302e+02,3.073217759089345336e+01,3.542773594217828759e+01,6.273980720456873428e+01,1.200534507210708455e+02,3.179592894916256185e+01,1.722677054138600727e+00,4.431468581256520167e+01,2.078428238139203472e+02
8.117647058823529438e-01,8.963196543874130118e-01,8.876681015873844061e-01,9.594189623354192342e-01,1.456610242985561285e+02,3.096260597843219387e+01,3.559201632899203105e+01,6.310312139568111434e+01,1.211060141932074714e+02,3.188281131856024331e+01,1.700350349063483257e+00,4.451309241852059273e+01,2.084237263854968774e+02
8.156862745098039102e-01,8.964882525443396144e-01,8.881312065788957710e-01,9.649294033568664997e-01,1.465206185731001938e+02,3.119279405792711302e+01,3.564178408001782117e+01,6.346629893335083494e+01,1.221574799730342278e+02,3.164677338773253368e+01,1.678032041736613245e+00,4.471129211115309232e+01,2.076074904157104299e+02
8.196078431372548767e-01,8.966568507012662170e-01,8.885943115704071360e-01,9.656149225952441739e-01,1.473798895890636516e+02,3.142274220509924021e+01,3.578286423333543809e+01,6.382933989466261693e+01,1.232078497767901979e+02,3.181570632244348928e+01,1.655722127420912182e+00,4.490928521397113826e+01,2.084617400191866636e+02
8.235294117647058432e-01,8.968254488581928197e-01,8.890574165619185010e-01,9.663004418336217372e-01,1.482388375287590634e+02,3.165245079488673241e+01,3.592374421462566403e+01,6.419224435664325767e+01,1.242571253171386729e+02,3.198439956611897372e+01,1.633420601382861825e+00,4.510707204980912621e+01,2.093147775678770302e+02
8.274509803921568096e-01,8.969940470151194223e-01,8.895205215534298659e-01,9.669859610719993004e-01,1.490974625743616571e+02,3.188192020144699157e+01,3.606442444960858751e+01,6.455501239626160270e+01,1.253053083031763322e+02,3.215285362852694107e+01,1.611127458892503750e+00,4.530465294082918604e+01,2.101666056395445139e+02
8.313725490196077761e-01,8.971626451720459139e-01,8.899836265449412309e-01,9.676714803103769746e-01,1.499557649079098383e+02,3.211115079815859730e+01,3.620490536279788074e+01,6.491764409042863804e+01,1.263524004404424517e+02,3.232106901799080134e+01,1.588842695223436685e+00,4.550202820852285868e+01,2.110172268046474926e+02
8.352941176470588536e-01,8.973312433289725165e-01,9.062034365300186689e-01,9.683569995487545379e-01,1.508137447113051905e+02,3.163115210275266875e+01,3.634518737750521211e+01,6.528013951599758968e+01,1.232522275657083384e+02,3.248904624139458264e+01,1.566566305652808522e+00,4.518164352675987772e+01,2.118666436263657715e+02
8.392156862745098200e-01,8.974998414858991191e-01,9.067966684097423791e-01,9.696934456837584815e-01,1.516714021663126459e+02,3.180140592003162681e+01,3.647404128772274134e+01,6.564249874976387389e+01,1.240305057929619892e+02,3.261173274166288394e+01,1.544298285461317422e+00,4.528549059695671986e+01,2.124570592615692703e+02
8.431372549019607865e-01,8.976684396428257218e-01,9.073899002894659782e-01,9.714540251970330553e-01,1.525287374545604848e+02,3.197143712078813849e+01,3.659518552823040238e+01,6.600472186846528189e+01,1.248077663772915997e+02,3.270474514282134493e+01,1.522038629933207599e+00,4.538920188121934984e+01,2.128780317210985515e+02
8.470588235294117530e-01,8.978370377997523244e-01,9.079831321691895774e-01,9.727024657511520456e-01,1.533857507575406487e+02,3.214124614136252234e+01,3.670876424115133574e+01,6.636680894878189463e+01,1.255840113133318141e+02,3.281468923536044713e+01,1.499787334356265101e+00,4.549277764569546889e+01,2.133587646505711461e+02
8.509803921568627194e-01,8.980056359566789270e-01,9.085763640489131765e-01,9.731083554492543364e-01,1.542424422566088253e+02,3.231083341695551781e+01,3.681042316418645299e+01,6.672876006733625331e+01,1.263592425905080319e+02,3.295285851013443335e+01,1.477544394021812701e+00,4.559621815583770399e+01,2.139395126496753505e+02
8.549019607843136859e-01,9.236593931260084211e-01,9.091695959286368867e-01,9.735142451473566272e-01,1.483712484200976576e+02,3.248019938163197651e+01,3.691199731740995560e+01,6.435113386568309579e+01,1.271334621930531341e+02,3.309091257039459322e+01,1.908208061874672401e+00,4.569952367640582480e+01,2.145197763833849081e+02
8.588235294117646523e-01,9.258607597529497912e-01,9.097628278083604858e-01,9.739201348454588070e-01,1.507269733905590954e+02,3.264934446832460679e+01,3.701348680680752068e+01,6.533072229574823098e+01,1.279066721000246361e+02,3.322885156019089692e+01,1.817143774465836525e+00,4.580269447146906714e+01,2.150995564571653631e+02
8.627450980392157298e-01,9.271011643264639446e-01,9.200782503599183038e-01,9.743260245435610978e-01,1.512390642020946530e+02,3.261576609936611248e+01,3.711489173818821286e+01,6.554122846562530924e+01,1.270688658163436884e+02,3.336667562333325776e+01,1.799409699722798850e+00,4.597669316346527779e+01,2.156788534754732325e+02
8.666666666666666963e-01,9.283415688999780979e-01,9.217737251930823161e-01,9.747319142416633886e-01,1.517497865522665279e+02,3.271979381231790995e+01,3.721621221718485373e+01,6.575117209941737428e+01,1.274116636386296619e+02,3.350438490339205089e+01,1.781723015785377173e+00,4.601890897859838958e+01,2.162576680417582793e+02
8.705882352941176627e-01,9.294892837169936861e-01,9.220174695414383725e-01,9.751378039397656794e-01,1.522712636953845902e+02,3.283951881457049637e+01,3.731744834925439136e+01,6.596713311260971579e+01,1.279543520727535935e+02,3.364197954369863908e+01,1.765216612487671588e+00,4.606826546073460094e+01,2.168360007584655023e+02
8.745098039215686292e-01,9.300542072357235179e-01,9.222612138897944289e-01,9.755436936378678592e-01,1.528679329843789958e+02,3.295918053259900660e+01,3.741860023967826976e+01,6.622403282350852294e+01,1.284967536527048821e+02,3.377945968734581328e+01,1.755861279466477409e+00,4.611759585402875672e+01,2.174138522270373528e+02
8.784313725490195957e-01,9.306191307544532387e-01,9.225049582381505964e-01,9.759495833359701500e-01,1.534638778685054490e+02,3.307877901656633668e+01,3.751966799356279125e+01,6.648062063734045068e+01,1.290388686058614098e+02,3.391682547718834684e+01,1.746517304577680063e+00,4.616690017916041455e+01,2.179912230479156392e+02
8.823529411764705621e-01,9.311840542731830705e-01,9.227487025865066528e-01,9.763554730340724408e-01,1.540590996661929637e+02,3.319831431658237619e+01,3.762065171583946466e+01,6.673689712176336286e+01,1.295806971593609092e+02,3.405407705584342892e+01,1.737184667149289208e+00,4.621617845678736103e+01,2.185681138205437435e+02
8.862745098039215286e-01,9.317489777919127913e-01,9.229924469348627092e-01,9.769361972135186534e-01,1.546535996926729979e+02,3.331778648270407928e+01,3.771755977387493886e+01,6.699286284305841832e+01,1.301222395401010488e+02,3.418509563665352857e+01,1.727863346559447955e+00,4.626543070754547671e+01,2.191154036263875469e+02
8.901960784313724950e-01,9.323139013106425121e-01,9.232361912832188766e-01,9.775861369077928353e-01,1.552473792599893443e+02,3.343719556493554279e+01,3.781276687395897795e+01,6.724851836613431999e+01,1.306634959747399591e+02,3.431352889149316354e+01,1.718553322236280767e+00,4.631465695204889954e+01,2.196504852207198724e+02
8.941176470588234615e-01,9.328788248293723440e-01,9.234799356315749330e-01,9.782360766020669063e-01,1.558404396770074527e+02,3.355654161322807738e+01,3.790784746291753038e+01,6.750386425453133654e+01,1.312044666896965168e+02,3.444179148431698678e+01,1.709254573657744247e+00,4.636385721088999645e+01,2.201848557990180097e+02
8.980392156862745390e-01,9.375143541191888197e-01,9.237236799799309894e-01,9.788860162963409772e-01,1.517863513864391791e+02,3.367582467748024300e+01,3.800280179274500370e+01,6.583924987028984788e+01,1.317451519111504581e+02,3.456988375506248445e+01,1.949573617362464262e+00,4.641303150463939176e+01,2.207185167775374168e+02
9.019607843137255054e-01,9.388418060656011921e-01,9.239674243282870458e-01,9.795359559906151592e-01,1.536951717592517923e+02,3.379504480753798390e+01,3.809763011476700001e+01,6.662871005227444243e+01,1.322855518650430611e+02,3.469780604276493108e+01,1.860010295839847005e+00,4.646217985384598848e+01,2.212514695687746666e+02
9.058823529411764719e-01,9.401692580120135645e-01,9.242111686766432133e-01,9.801858956848892301e-01,1.555986018955774455e+02,3.391420205319462866e+01,3.819233267964253997e+01,6.741594091130201605e+01,1.328256667770770605e+02,3.482555868556038803e+01,1.770699888363223229e+00,4.651130227903705361e+01,2.217837155814799530e+02
9.098039215686274384e-01,9.423365946217271416e-01,9.244549130249992697e-01,9.809148640606462077e-01,1.569803594575643331e+02,3.403329646419101806e+01,3.828011210825243893e+01,6.799875340785324340e+01,1.333654968727173298e+02,3.495032597535301022e+01,1.731558584024712077e+00,4.656039880071817549e+01,2.222656056805154776e+02
9.137254901960784048e-01,9.491241542526066555e-01,9.246986573733553261e-01,9.816805719861533275e-01,1.544092289787058121e+02,3.415232809021551219e+01,3.836460046422374148e+01,6.697135819230322795e+01,1.339050423771908243e+02,3.507359527690673673e+01,1.956835588529387326e+00,4.660946943937332065e+01,2.227236999501664059e+02
9.176470588235293713e-01,9.493697024157026210e-01,9.249424017217114935e-01,9.824462799116604472e-01,1.551930235119715746e+02,3.427129698090413967e+01,3.844895712158698586e+01,6.729847893814039139e+01,1.344443035154872632e+02,3.519667242895957315e+01,1.921611512879901396e+00,4.665851421546486222e+01,2.231810801524528642e+02
9.215686274509803377e-01,9.496152505787985865e-01,9.251861460700675499e-01,9.832119878371676780e-01,1.559764127035839465e+02,3.439020318584059055e+01,3.853318238803573337e+01,6.762543051251955717e+01,1.349832805123591584e+02,3.531955788043930511e+01,1.886405653464974019e+00,4.670753314943363677e+01,2.236377479556836363e+02
9.254901960784314152e-01,9.498607987418945520e-01,9.254298904184236063e-01,9.839776957626747977e-01,1.567593968678970668e+02,3.450904675455631576e+01,3.861727657030579053e+01,6.795221304663802186e+01,1.355219735923223254e+02,3.544225207887633644e+01,1.851217996157389134e+00,4.675652626169891590e+01,2.240937050229744045e+02
9.294117647058823817e-01,9.501063469049906285e-01,9.442785437238629953e-01,9.846556944553406243e-01,1.575419763189401010e+02,3.419216384217414628e+01,3.869227987980521988e+01,6.827882667155755314e+01,1.330008616371889900e+02,3.556792343809172507e+01,1.816048526844534772e+00,4.693667017442583500e+01,2.245020066101876637e+02
9.333333333333333481e-01,9.503518950680865940e-01,9.457078243787869765e-01,9.852651001643483175e-01,1.583241513704177237e+02,3.436683640804887574e+01,3.876018165639388968e+01,6.860527151820440395e+01,1.337399671334285358e+02,3.569590678433450393e+01,1.780897231428384853e+00,4.699586629648865710e+01,2.248730797051183288e+02
9.372549019607843146e-01,9.505974432311825595e-01,9.464689292171660773e-01,9.858745058733560107e-01,1.591059223357104031e+02,3.447539319475748698e+01,3.882799948775411281e+01,6.893154771736955411e+01,1.341939006333822419e+02,3.582373190804208463e+01,1.745764095825480755e+00,4.702615530672917288e+01,2.252436940518794017e+02
9.411764705882352811e-01,9.508429913942785250e-01,9.472300340555451781e-01,9.864839115823637039e-01,1.598872895278750264e+02,3.458377552944782707e+01,3.889573352945873097e+01,6.925765539970895190e+01,1.346471046569243413e+02,3.595139910244289894e+01,1.710649105966907557e+00,4.705639564217811710e+01,2.256138505006532853e+02
9.450980392156862475e-01,9.510885395573744905e-01,9.479911388939241679e-01,9.870933172913713971e-01,1.606682532596450130e+02,3.469198383230191496e+01,3.896338393669640965e+01,6.958359469574349987e+01,1.350995809610586491e+02,3.607890866004127872e+01,1.675552247798284267e+00,4.708658742007270348e+01,2.259835498995228420e+02
9.490196078431372140e-01,9.513340877204704560e-01,9.487522437323032687e-01,9.877027230003790903e-01,1.614488138434310258e+02,3.480001852215345082e+01,3.903095086427278204e+01,6.990936573585945268e+01,1.355513312971510231e+02,3.620626087261965864e+01,1.640473507279737619e+00,4.711673075727398441e+01,2.263527930944779030e+02
9.529411764705881804e-01,9.515796358835664215e-01,9.555027780160253448e-01,9.883429897346425186e-01,1.622289715913212262e+02,3.467188716709053864e+01,3.910191753971059825e+01,7.023496865030838876e+01,1.348234413730576193e+02,3.633232151851004943e+01,1.605412870385886093e+00,4.691350752838746274e+01,2.267204193090502713e+02
9.568627450980391469e-01,9.518251840466623870e-01,9.620495005016574952e-01,9.891971665103124201e-01,1.630087268150817295e+02,3.466025905750468183e+01,3.919689796590273545e+01,7.056040356920756551e+01,1.342089010143337191e+02,3.645033499323575654e+01,1.570370323105822585e+00,4.697267908893765309e+01,2.270794456781518704e+02
9.607843137254902244e-01,9.520707322097583525e-01,9.639793346141352082e-01,9.900513432859823215e-01,1.637880798261570021e+02,3.480766019342761552e+01,3.929171450145476996e+01,7.088567062253994777e+01,1.349074142204703719e+02,3.656814483333177890e+01,1.535345851443092435e+00,4.695216754029402750e+01,2.274378525400159106e+02
9.647058823529411908e-01,9.523162803728543180e-01,9.737348173232593940e-01,9.909055200616523340e-01,1.645670309356702887e+02,3.471773677075531594e+01,3.938636757019592949e+01,7.121076994015444939e+01,1.341564024845795018e+02,3.668575156540726567e+01,1.500339441415678765e+00,4.673935250396684893e+01,2.277956414967185310e+02
9.686274509803921573e-01,9.525618285359502835e-01,9.756366030758275576e-01,9.917596968373222355e-01,1.653455804544241516e+02,3.478664847764136425e+01,3.948085759449534038e+01,7.153570165176613216e+01,1.345091064326739172e+02,3.680315571425716570e+01,1.465351079055976280e+00,4.669943695462897182e+01,2.281528141448166593e+02
9.725490196078431238e-01,9.528073766990462490e-01,9.805867531811891524e-01,9.924818910650923254e-01,1.661237286929006132e+02,3.479913280650208662e+01,3.953792152966420304e+01,7.186046588695631954e+01,1.344023604436374058e+02,3.692526755783485015e+01,1.430380750410783719e+00,4.661422505644376457e+01,2.283056478616572349e+02
9.764705882352940902e-01,9.845902041365327539e-01,9.814803960446601971e-01,9.930893856825691035e-01,1.598920019978224616e+02,3.488833919288159535e+01,3.956254070085437036e+01,6.926514983626248068e+01,1.348214379729700170e+02,3.705148068685702611e+01,1.699160585712812033e+00,4.658640379036778256e+01,2.282813149155790029e+02
9.803921568627450567e-01,9.851977191333851636e-01,9.823740389081311308e-01,9.936968803000459927e-01,1.607021834907893663e+02,3.497738328130247965e+01,3.958712977028155677e+01,6.960010459204207223e+01,1.352397530520983651e+02,3.717753949558685633e+01,1.658235656280687698e+00,4.655863314101190298e+01,2.282570117212974310e+02
9.843137254901960231e-01,9.858052341302375732e-01,9.832676817716020645e-01,9.943043749175228818e-01,1.615113664144849395e+02,3.506626551427824268e+01,3.961168879311998836e+01,6.993464650757623247e+01,1.356573077598810926e+02,3.730344426688163395e+01,1.617361167863713867e+00,4.653091297036711182e+01,2.282327382242797569e+02
9.882352941176471006e-01,9.864127491270899828e-01,9.841613246350731092e-01,9.949118695349996599e-01,1.623195526139152207e+02,3.515498633271514706e+01,3.963621782440912966e+01,7.026877634564903019e+01,1.360741041676262171e+02,3.742919528290779141e+01,1.576537027264576007e+00,4.650324314092562616e+01,2.282084943701264592e+02
9.921568627450980671e-01,9.870202641239422814e-01,9.911765399973176960e-01,9.955193641524764381e-01,1.631267439295436645e+02,3.515900804085488573e+01,3.966071691905411711e+01,7.060249486716651290e+01,1.355436555867322568e+02,3.755479282514301786e+01,1.535763141515414487e+00,4.643917047553565425e+01,2.281842801045706608e+02
9.960784313725490335e-01,9.876277791207946910e-01,9.969073044377859683e-01,9.963679648202168337e-01,1.639329421973054366e+02,3.511776038376978448e+01,3.964469580221970801e+01,7.093580283116259011e+01,1.354004712220258000e+02,3.767111912414102903e+01,1.495039417877111143e+00,4.625724017952880018e+01,2.279814232671265017e+02
1.000000000000000000e+00,1.000000000000000000e+00,1.000000000000000000e+00,1.000000000000000000e+00,1.558307362567810799e+02,3.509420944963182620e+01,3.916311871324266747e+01,6.756521603606996962e+01,1.355131428752626732e+02,3.768206911427633798e+01,1.814241446199871266e+00,4.606620545898164920e+01,2.257247948220797866e+02
